"","stat","yr","lon","lat","chla_mean"
"1",6,1974,-82.477402,27.889299,24.5833333333333
"2",6,1975,-82.477402,27.889299,24.5833333333333
"3",6,1976,-82.477402,27.889299,32.6083333333333
"4",6,1977,-82.477402,27.889299,43.9083333333333
"5",6,1978,-82.477402,27.889299,28.6083333333333
"6",6,1979,-82.477402,27.889299,27.575
"7",6,1980,-82.477402,27.889299,22.95
"8",6,1981,-82.477402,27.889299,39.2
"9",6,1982,-82.477402,27.889299,25.0727272727273
"10",6,1983,-82.477402,27.889299,25.7
"11",6,1984,-82.477402,27.889299,13.25
"12",6,1985,-82.477402,27.889299,16.6083333333333
"13",6,1986,-82.477402,27.889299,15.9416666666667
"14",6,1987,-82.477402,27.889299,10.2916666666667
"15",6,1988,-82.477402,27.889299,14.5833333333333
"16",6,1989,-82.477402,27.889299,10.225
"17",6,1990,-82.477402,27.889299,14.266
"18",6,1991,-82.477402,27.889299,17.9055
"19",6,1992,-82.477402,27.889299,12.143
"20",6,1993,-82.477402,27.889299,8.80566666666667
"21",6,1994,-82.477402,27.889299,16.3778333333333
"22",6,1995,-82.477402,27.889299,15.5383333333333
"23",6,1996,-82.477402,27.889299,7.97691666666667
"24",6,1997,-82.477402,27.889299,11.0524166666667
"25",6,1998,-82.477402,27.889299,18.2911666666667
"26",6,1999,-82.477402,27.889299,8.99916666666667
"27",6,2000,-82.477402,27.889299,8.45375
"28",6,2001,-82.477402,27.889299,11.1793333333333
"29",6,2002,-82.477402,27.889299,10.8335833333333
"30",6,2003,-82.477402,27.889299,12.3700833333333
"31",6,2004,-82.477402,27.889299,10.6447272727273
"32",6,2005,-82.477402,27.889299,11.7666666666667
"33",6,2006,-82.477402,27.889299,8.725
"34",6,2007,-82.477402,27.889299,6.83333333333333
"35",6,2008,-82.477402,27.889299,11.425
"36",6,2009,-82.477402,27.889299,9.46666666666667
"37",6,2010,-82.477402,27.889299,7.725
"38",6,2011,-82.477402,27.889299,9.35833333333333
"39",6,2012,-82.477402,27.889299,11.2833333333333
"40",6,2013,-82.477402,27.889299,12.3666666666667
"41",6,2014,-82.477402,27.889299,8.55
"42",6,2015,-82.477402,27.889299,8.21666666666667
"43",6,2016,-82.477402,27.889299,14.175
"44",6,2017,-82.477402,27.889299,8.76666666666667
"45",6,2018,-82.477402,27.889299,12.0583333333333
"46",7,1974,-82.468597,27.8589,22.0833333333333
"47",7,1975,-82.468597,27.8589,18.25
"48",7,1976,-82.468597,27.8589,29.8416666666667
"49",7,1977,-82.468597,27.8589,31.6666666666667
"50",7,1978,-82.468597,27.8589,23
"51",7,1979,-82.468597,27.8589,26.5166666666667
"52",7,1980,-82.468597,27.8589,25.4
"53",7,1981,-82.468597,27.8589,27.8166666666667
"54",7,1982,-82.468597,27.8589,38.8181818181818
"55",7,1983,-82.468597,27.8589,26.05
"56",7,1984,-82.468597,27.8589,12.9916666666667
"57",7,1985,-82.468597,27.8589,17.4454545454545
"58",7,1986,-82.468597,27.8589,16.6916666666667
"59",7,1987,-82.468597,27.8589,10.6916666666667
"60",7,1988,-82.468597,27.8589,10.7083333333333
"61",7,1989,-82.468597,27.8589,11.8
"62",7,1990,-82.468597,27.8589,12.5003333333333
"63",7,1991,-82.468597,27.8589,10.5998333333333
"64",7,1992,-82.468597,27.8589,8.6105
"65",7,1993,-82.468597,27.8589,9.25633333333333
"66",7,1994,-82.468597,27.8589,15.4649166666667
"67",7,1995,-82.468597,27.8589,16.1444166666667
"68",7,1996,-82.468597,27.8589,8.87408333333333
"69",7,1997,-82.468597,27.8589,9.51516666666667
"70",7,1998,-82.468597,27.8589,14.7306666666667
"71",7,1999,-82.468597,27.8589,7.96075
"72",7,2000,-82.468597,27.8589,7.46016666666667
"73",7,2001,-82.468597,27.8589,8.04033333333333
"74",7,2002,-82.468597,27.8589,11.4248333333333
"75",7,2003,-82.468597,27.8589,14.6063333333333
"76",7,2004,-82.468597,27.8589,10.9125
"77",7,2005,-82.468597,27.8589,14.1083333333333
"78",7,2006,-82.468597,27.8589,10.5166666666667
"79",7,2007,-82.468597,27.8589,6.31666666666667
"80",7,2008,-82.468597,27.8589,11.2583333333333
"81",7,2009,-82.468597,27.8589,7.75
"82",7,2010,-82.468597,27.8589,7.91666666666667
"83",7,2011,-82.468597,27.8589,8.725
"84",7,2012,-82.468597,27.8589,9.55
"85",7,2013,-82.468597,27.8589,11.025
"86",7,2014,-82.468597,27.8589,9.00833333333333
"87",7,2015,-82.468597,27.8589,8.025
"88",7,2016,-82.468597,27.8589,10.4166666666667
"89",7,2017,-82.468597,27.8589,8.28333333333333
"90",7,2018,-82.468597,27.8589,20.2333333333333
"91",8,1974,-82.409302,27.8524,22.6666666666667
"92",8,1975,-82.409302,27.8524,22.6666666666667
"93",8,1976,-82.409302,27.8524,33.2166666666667
"94",8,1977,-82.409302,27.8524,40.7916666666667
"95",8,1978,-82.409302,27.8524,25.1363636363636
"96",8,1979,-82.409302,27.8524,52.025
"97",8,1980,-82.409302,27.8524,28.175
"98",8,1981,-82.409302,27.8524,43.525
"99",8,1982,-82.409302,27.8524,53.8
"100",8,1983,-82.409302,27.8524,23.9083333333333
"101",8,1984,-82.409302,27.8524,16.8333333333333
"102",8,1985,-82.409302,27.8524,24.5083333333333
"103",8,1986,-82.409302,27.8524,19.925
"104",8,1987,-82.409302,27.8524,16.1416666666667
"105",8,1988,-82.409302,27.8524,15.1333333333333
"106",8,1989,-82.409302,27.8524,28.85
"107",8,1990,-82.409302,27.8524,18.3636666666667
"108",8,1991,-82.409302,27.8524,18.4404166666667
"109",8,1992,-82.409302,27.8524,11.7734166666667
"110",8,1993,-82.409302,27.8524,12.7529166666667
"111",8,1994,-82.409302,27.8524,13.4300833333333
"112",8,1995,-82.409302,27.8524,20.38625
"113",8,1996,-82.409302,27.8524,13.0158333333333
"114",8,1997,-82.409302,27.8524,12.7059166666667
"115",8,1998,-82.409302,27.8524,28.23175
"116",8,1999,-82.409302,27.8524,14.4166666666667
"117",8,2000,-82.409302,27.8524,15.6214166666667
"118",8,2001,-82.409302,27.8524,6.89266666666667
"119",8,2002,-82.409302,27.8524,34.2309166666667
"120",8,2003,-82.409302,27.8524,17.5093636363636
"121",8,2004,-82.409302,27.8524,15.88
"122",8,2005,-82.409302,27.8524,10.6
"123",8,2006,-82.409302,27.8524,12.3583333333333
"124",8,2007,-82.409302,27.8524,9.36666666666667
"125",8,2008,-82.409302,27.8524,16.2416666666667
"126",8,2009,-82.409302,27.8524,18.0333333333333
"127",8,2010,-82.409302,27.8524,11.375
"128",8,2011,-82.409302,27.8524,18.4583333333333
"129",8,2012,-82.409302,27.8524,16.325
"130",8,2013,-82.409302,27.8524,14.525
"131",8,2014,-82.409302,27.8524,35.55
"132",8,2015,-82.409302,27.8524,7.61666666666667
"133",8,2016,-82.409302,27.8524,12.9666666666667
"134",8,2017,-82.409302,27.8524,10.5833333333333
"135",8,2018,-82.409302,27.8524,13.6333333333333
"136",9,1974,-82.4272,27.786501,13.5
"137",9,1975,-82.4272,27.786501,14.9166666666667
"138",9,1976,-82.4272,27.786501,16.3666666666667
"139",9,1977,-82.4272,27.786501,16.425
"140",9,1978,-82.4272,27.786501,17.4272727272727
"141",9,1979,-82.4272,27.786501,24.2
"142",9,1980,-82.4272,27.786501,19.5416666666667
"143",9,1981,-82.4272,27.786501,17.7666666666667
"144",9,1982,-82.4272,27.786501,23.4727272727273
"145",9,1983,-82.4272,27.786501,26.3916666666667
"146",9,1984,-82.4272,27.786501,12.0416666666667
"147",9,1985,-82.4272,27.786501,20.3333333333333
"148",9,1986,-82.4272,27.786501,12.7666666666667
"149",9,1987,-82.4272,27.786501,14.775
"150",9,1988,-82.4272,27.786501,11.925
"151",9,1989,-82.4272,27.786501,12.9583333333333
"152",9,1990,-82.4272,27.786501,11.9466666666667
"153",9,1991,-82.4272,27.786501,10.0330833333333
"154",9,1992,-82.4272,27.786501,10.3435
"155",9,1993,-82.4272,27.786501,11.28325
"156",9,1994,-82.4272,27.786501,18.041
"157",9,1995,-82.4272,27.786501,15.32725
"158",9,1996,-82.4272,27.786501,8.5255
"159",9,1997,-82.4272,27.786501,12.8844166666667
"160",9,1998,-82.4272,27.786501,17.7768333333333
"161",9,1999,-82.4272,27.786501,11.3780833333333
"162",9,2000,-82.4272,27.786501,8.807
"163",9,2001,-82.4272,27.786501,12.6416666666667
"164",9,2002,-82.4272,27.786501,9.18633333333333
"165",9,2003,-82.4272,27.786501,10.1160909090909
"166",9,2004,-82.4272,27.786501,6.94841666666667
"167",9,2005,-82.4272,27.786501,12.2833333333333
"168",9,2006,-82.4272,27.786501,6.825
"169",9,2007,-82.4272,27.786501,8.51666666666667
"170",9,2008,-82.4272,27.786501,10.2166666666667
"171",9,2009,-82.4272,27.786501,11.9666666666667
"172",9,2010,-82.4272,27.786501,8.00833333333333
"173",9,2011,-82.4272,27.786501,13.0416666666667
"174",9,2012,-82.4272,27.786501,12.325
"175",9,2013,-82.4272,27.786501,7.85833333333333
"176",9,2014,-82.4272,27.786501,10.55
"177",9,2015,-82.4272,27.786501,9.03333333333333
"178",9,2016,-82.4272,27.786501,8.33333333333333
"179",9,2017,-82.4272,27.786501,8.20833333333333
"180",9,2018,-82.4272,27.786501,9.30833333333333
"181",11,1974,-82.478897,27.812901,16.3333333333333
"182",11,1975,-82.478897,27.812901,16
"183",11,1976,-82.478897,27.812901,20.5
"184",11,1977,-82.478897,27.812901,18.4916666666667
"185",11,1978,-82.478897,27.812901,16.6583333333333
"186",11,1979,-82.478897,27.812901,26.025
"187",11,1980,-82.478897,27.812901,19.7833333333333
"188",11,1981,-82.478897,27.812901,17.6166666666667
"189",11,1982,-82.478897,27.812901,33.2
"190",11,1983,-82.478897,27.812901,30.6416666666667
"191",11,1984,-82.478897,27.812901,13.5583333333333
"192",11,1985,-82.478897,27.812901,15.9416666666667
"193",11,1986,-82.478897,27.812901,10.4583333333333
"194",11,1987,-82.478897,27.812901,9.11666666666667
"195",11,1988,-82.478897,27.812901,11.0583333333333
"196",11,1989,-82.478897,27.812901,8.44166666666667
"197",11,1990,-82.478897,27.812901,11.8523333333333
"198",11,1991,-82.478897,27.812901,13.74925
"199",11,1992,-82.478897,27.812901,7.026
"200",11,1993,-82.478897,27.812901,7.23266666666667
"201",11,1994,-82.478897,27.812901,15.3095833333333
"202",11,1995,-82.478897,27.812901,11.3290833333333
"203",11,1996,-82.478897,27.812901,6.61316666666667
"204",11,1997,-82.478897,27.812901,9.20458333333333
"205",11,1998,-82.478897,27.812901,12.5515
"206",11,1999,-82.478897,27.812901,7.49191666666667
"207",11,2000,-82.478897,27.812901,6.23558333333333
"208",11,2001,-82.478897,27.812901,7.17441666666667
"209",11,2002,-82.478897,27.812901,8.064
"210",11,2003,-82.478897,27.812901,9.462
"211",11,2004,-82.478897,27.812901,7.56716666666667
"212",11,2005,-82.478897,27.812901,7.45
"213",11,2006,-82.478897,27.812901,5.55
"214",11,2007,-82.478897,27.812901,5.775
"215",11,2008,-82.478897,27.812901,7.925
"216",11,2009,-82.478897,27.812901,5.09166666666667
"217",11,2010,-82.478897,27.812901,6.26666666666667
"218",11,2011,-82.478897,27.812901,8.38333333333333
"219",11,2012,-82.478897,27.812901,8.13333333333333
"220",11,2013,-82.478897,27.812901,7.25833333333333
"221",11,2014,-82.478897,27.812901,7.08333333333333
"222",11,2015,-82.478897,27.812901,5.925
"223",11,2016,-82.478897,27.812901,7.05833333333333
"224",11,2017,-82.478897,27.812901,5.775
"225",11,2018,-82.478897,27.812901,9.81666666666667
"226",13,1974,-82.523201,27.8118,9.25
"227",13,1975,-82.523201,27.8118,14.1538461538462
"228",13,1976,-82.523201,27.8118,10.1583333333333
"229",13,1977,-82.523201,27.8118,10.3545454545455
"230",13,1978,-82.523201,27.8118,12.1083333333333
"231",13,1979,-82.523201,27.8118,17.2083333333333
"232",13,1980,-82.523201,27.8118,14.7083333333333
"233",13,1981,-82.523201,27.8118,13.3090909090909
"234",13,1982,-82.523201,27.8118,17.8
"235",13,1983,-82.523201,27.8118,17.3333333333333
"236",13,1984,-82.523201,27.8118,9.98333333333333
"237",13,1985,-82.523201,27.8118,11.1083333333333
"238",13,1986,-82.523201,27.8118,7.26
"239",13,1987,-82.523201,27.8118,8.60833333333333
"240",13,1988,-82.523201,27.8118,6.00833333333333
"241",13,1989,-82.523201,27.8118,7.675
"242",13,1990,-82.523201,27.8118,5.57833333333333
"243",13,1991,-82.523201,27.8118,5.30241666666667
"244",13,1992,-82.523201,27.8118,5.54236363636364
"245",13,1993,-82.523201,27.8118,5.2335
"246",13,1994,-82.523201,27.8118,7.74816666666667
"247",13,1995,-82.523201,27.8118,9.84625
"248",13,1996,-82.523201,27.8118,4.84183333333333
"249",13,1997,-82.523201,27.8118,6.57866666666667
"250",13,1998,-82.523201,27.8118,12.41075
"251",13,1999,-82.523201,27.8118,6.04416666666667
"252",13,2000,-82.523201,27.8118,5.42825
"253",13,2001,-82.523201,27.8118,7.44966666666667
"254",13,2002,-82.523201,27.8118,5.09466666666667
"255",13,2003,-82.523201,27.8118,6.15625
"256",13,2004,-82.523201,27.8118,5.42525
"257",13,2005,-82.523201,27.8118,10.55
"258",13,2006,-82.523201,27.8118,4.775
"259",13,2007,-82.523201,27.8118,4.93333333333333
"260",13,2008,-82.523201,27.8118,6.23333333333333
"261",13,2009,-82.523201,27.8118,5.1
"262",13,2010,-82.523201,27.8118,6.36666666666667
"263",13,2011,-82.523201,27.8118,5.41818181818182
"264",13,2012,-82.523201,27.8118,5.40833333333333
"265",13,2013,-82.523201,27.8118,6.54166666666667
"266",13,2014,-82.523201,27.8118,7.25833333333333
"267",13,2015,-82.523201,27.8118,5.825
"268",13,2016,-82.523201,27.8118,4.825
"269",13,2017,-82.523201,27.8118,5.46666666666667
"270",13,2018,-82.523201,27.8118,5.95
"271",14,1974,-82.520302,27.778,6.81818181818182
"272",14,1975,-82.520302,27.778,8.75
"273",14,1976,-82.520302,27.778,9.61666666666667
"274",14,1977,-82.520302,27.778,8.48333333333333
"275",14,1978,-82.520302,27.778,8.19166666666667
"276",14,1979,-82.520302,27.778,16.1416666666667
"277",14,1980,-82.520302,27.778,14.325
"278",14,1981,-82.520302,27.778,12.7416666666667
"279",14,1982,-82.520302,27.778,13.0090909090909
"280",14,1983,-82.520302,27.778,17.5833333333333
"281",14,1984,-82.520302,27.778,8.68333333333333
"282",14,1985,-82.520302,27.778,11.5166666666667
"283",14,1986,-82.520302,27.778,6.64166666666667
"284",14,1987,-82.520302,27.778,7.08333333333333
"285",14,1988,-82.520302,27.778,6.025
"286",14,1989,-82.520302,27.778,5.88333333333333
"287",14,1990,-82.520302,27.778,5.40090909090909
"288",14,1991,-82.520302,27.778,5.72866666666667
"289",14,1992,-82.520302,27.778,4.32525
"290",14,1993,-82.520302,27.778,3.49216666666667
"291",14,1994,-82.520302,27.778,8.715
"292",14,1995,-82.520302,27.778,7.74191666666667
"293",14,1996,-82.520302,27.778,4.36325
"294",14,1997,-82.520302,27.778,4.65475
"295",14,1998,-82.520302,27.778,9.18875
"296",14,1999,-82.520302,27.778,4.67533333333333
"297",14,2000,-82.520302,27.778,3.92825
"298",14,2001,-82.520302,27.778,6.5375
"299",14,2002,-82.520302,27.778,4.34091666666667
"300",14,2003,-82.520302,27.778,5.46658333333333
"301",14,2004,-82.520302,27.778,5.77258333333333
"302",14,2005,-82.520302,27.778,7.3
"303",14,2006,-82.520302,27.778,3.93333333333333
"304",14,2007,-82.520302,27.778,4.66666666666667
"305",14,2008,-82.520302,27.778,4.53333333333333
"306",14,2009,-82.520302,27.778,5.11666666666667
"307",14,2010,-82.520302,27.778,4.475
"308",14,2011,-82.520302,27.778,4.52727272727273
"309",14,2012,-82.520302,27.778,6.73333333333333
"310",14,2013,-82.520302,27.778,6.40833333333333
"311",14,2014,-82.520302,27.778,5.79166666666667
"312",14,2015,-82.520302,27.778,6.01666666666667
"313",14,2016,-82.520302,27.778,5.2
"314",14,2017,-82.520302,27.778,5.9
"315",14,2018,-82.520302,27.778,5.95833333333333
"316",16,1974,-82.533798,27.723801,5.2
"317",16,1975,-82.533798,27.723801,7.25
"318",16,1976,-82.533798,27.723801,4.21666666666667
"319",16,1977,-82.533798,27.723801,8.84545454545455
"320",16,1978,-82.533798,27.723801,8.09
"321",16,1979,-82.533798,27.723801,8.81666666666667
"322",16,1980,-82.533798,27.723801,10.7416666666667
"323",16,1981,-82.533798,27.723801,8.43333333333333
"324",16,1982,-82.533798,27.723801,10.0363636363636
"325",16,1983,-82.533798,27.723801,12.925
"326",16,1984,-82.533798,27.723801,7.06666666666667
"327",16,1985,-82.533798,27.723801,8.61666666666667
"328",16,1986,-82.533798,27.723801,4.94166666666667
"329",16,1987,-82.533798,27.723801,5.08333333333333
"330",16,1988,-82.533798,27.723801,4.55
"331",16,1989,-82.533798,27.723801,5.94166666666667
"332",16,1990,-82.533798,27.723801,6.1085
"333",16,1991,-82.533798,27.723801,3.96666666666667
"334",16,1992,-82.533798,27.723801,5.07433333333333
"335",16,1993,-82.533798,27.723801,3.90941666666667
"336",16,1994,-82.533798,27.723801,6.69441666666667
"337",16,1995,-82.533798,27.723801,6.74533333333333
"338",16,1996,-82.533798,27.723801,2.89158333333333
"339",16,1997,-82.533798,27.723801,5.67091666666667
"340",16,1998,-82.533798,27.723801,7.86208333333333
"341",16,1999,-82.533798,27.723801,4.89341666666667
"342",16,2000,-82.533798,27.723801,4.06266666666667
"343",16,2001,-82.533798,27.723801,4.41316666666667
"344",16,2002,-82.533798,27.723801,3.97325
"345",16,2003,-82.533798,27.723801,5.1495
"346",16,2004,-82.533798,27.723801,3.55833333333333
"347",16,2005,-82.533798,27.723801,5.13333333333333
"348",16,2006,-82.533798,27.723801,3.925
"349",16,2007,-82.533798,27.723801,4.03333333333333
"350",16,2008,-82.533798,27.723801,3.20833333333333
"351",16,2009,-82.533798,27.723801,4.15833333333333
"352",16,2010,-82.533798,27.723801,4.8
"353",16,2011,-82.533798,27.723801,5.28333333333333
"354",16,2012,-82.533798,27.723801,6.36666666666667
"355",16,2013,-82.533798,27.723801,5.225
"356",16,2014,-82.533798,27.723801,4.74166666666667
"357",16,2015,-82.533798,27.723801,8.98333333333333
"358",16,2016,-82.533798,27.723801,3.61666666666667
"359",16,2017,-82.533798,27.723801,3.28333333333333
"360",16,2018,-82.533798,27.723801,4.25
"361",19,1974,-82.555901,27.693399,4.5
"362",19,1975,-82.555901,27.693399,5.16666666666667
"363",19,1976,-82.555901,27.693399,4.06666666666667
"364",19,1977,-82.555901,27.693399,6.03333333333333
"365",19,1978,-82.555901,27.693399,6.62
"366",19,1979,-82.555901,27.693399,8.65833333333333
"367",19,1980,-82.555901,27.693399,8.13333333333333
"368",19,1981,-82.555901,27.693399,7.7
"369",19,1982,-82.555901,27.693399,7.54545454545455
"370",19,1983,-82.555901,27.693399,10.5666666666667
"371",19,1984,-82.555901,27.693399,5.50833333333333
"372",19,1985,-82.555901,27.693399,5.18333333333333
"373",19,1986,-82.555901,27.693399,5.18181818181818
"374",19,1987,-82.555901,27.693399,4.13333333333333
"375",19,1988,-82.555901,27.693399,4.01666666666667
"376",19,1989,-82.555901,27.693399,6.05833333333333
"377",19,1990,-82.555901,27.693399,4.83008333333333
"378",19,1991,-82.555901,27.693399,3.76766666666667
"379",19,1992,-82.555901,27.693399,4.356
"380",19,1993,-82.555901,27.693399,3.21216666666667
"381",19,1994,-82.555901,27.693399,6.81825
"382",19,1995,-82.555901,27.693399,6.02166666666667
"383",19,1996,-82.555901,27.693399,2.52758333333333
"384",19,1997,-82.555901,27.693399,5.17563636363636
"385",19,1998,-82.555901,27.693399,6.84008333333333
"386",19,1999,-82.555901,27.693399,4.75027272727273
"387",19,2000,-82.555901,27.693399,3.61241666666667
"388",19,2001,-82.555901,27.693399,3.76616666666667
"389",19,2002,-82.555901,27.693399,3.99775
"390",19,2003,-82.555901,27.693399,4.34825
"391",19,2004,-82.555901,27.693399,3.58333333333333
"392",19,2005,-82.555901,27.693399,4.25
"393",19,2006,-82.555901,27.693399,3.58333333333333
"394",19,2007,-82.555901,27.693399,3.43333333333333
"395",19,2008,-82.555901,27.693399,2.925
"396",19,2009,-82.555901,27.693399,3.84166666666667
"397",19,2010,-82.555901,27.693399,4.30833333333333
"398",19,2011,-82.555901,27.693399,5.5
"399",19,2012,-82.555901,27.693399,5.48333333333333
"400",19,2013,-82.555901,27.693399,4.83333333333333
"401",19,2014,-82.555901,27.693399,4.35
"402",19,2015,-82.555901,27.693399,4.66666666666667
"403",19,2016,-82.555901,27.693399,3.13333333333333
"404",19,2017,-82.555901,27.693399,3.2
"405",19,2018,-82.555901,27.693399,4.33333333333333
"406",23,1974,-82.599197,27.666,5.66666666666667
"407",23,1975,-82.599197,27.666,7.33333333333333
"408",23,1976,-82.599197,27.666,5.95
"409",23,1977,-82.599197,27.666,4.80833333333333
"410",23,1978,-82.599197,27.666,4.58333333333333
"411",23,1979,-82.599197,27.666,7.11666666666667
"412",23,1980,-82.599197,27.666,6.79166666666667
"413",23,1981,-82.599197,27.666,6.79166666666667
"414",23,1982,-82.599197,27.666,6.48181818181818
"415",23,1983,-82.599197,27.666,8.475
"416",23,1984,-82.599197,27.666,4.775
"417",23,1985,-82.599197,27.666,5.85
"418",23,1986,-82.599197,27.666,4.17
"419",23,1987,-82.599197,27.666,3.75
"420",23,1988,-82.599197,27.666,4.01666666666667
"421",23,1989,-82.599197,27.666,6.19166666666667
"422",23,1990,-82.599197,27.666,4.084
"423",23,1991,-82.599197,27.666,3.72725
"424",23,1992,-82.599197,27.666,4.5885
"425",23,1993,-82.599197,27.666,3.87483333333333
"426",23,1994,-82.599197,27.666,5.47108333333333
"427",23,1995,-82.599197,27.666,5.29425
"428",23,1996,-82.599197,27.666,2.47309090909091
"429",23,1997,-82.599197,27.666,4.3965
"430",23,1998,-82.599197,27.666,5.43558333333333
"431",23,1999,-82.599197,27.666,4.2455
"432",23,2000,-82.599197,27.666,3.54190909090909
"433",23,2001,-82.599197,27.666,3.62416666666667
"434",23,2002,-82.599197,27.666,4.23616666666667
"435",23,2003,-82.599197,27.666,4.04291666666667
"436",23,2004,-82.599197,27.666,5.62466666666667
"437",23,2005,-82.599197,27.666,6.15833333333333
"438",23,2006,-82.599197,27.666,3.83333333333333
"439",23,2007,-82.599197,27.666,3.69166666666667
"440",23,2008,-82.599197,27.666,2.89166666666667
"441",23,2009,-82.599197,27.666,4.725
"442",23,2010,-82.599197,27.666,4.05833333333333
"443",23,2011,-82.599197,27.666,4.73333333333333
"444",23,2012,-82.599197,27.666,4.54166666666667
"445",23,2013,-82.599197,27.666,3.9
"446",23,2014,-82.599197,27.666,3.475
"447",23,2015,-82.599197,27.666,4.46666666666667
"448",23,2016,-82.599197,27.666,3.26666666666667
"449",23,2017,-82.599197,27.666,3.16666666666667
"450",23,2018,-82.599197,27.666,3.99166666666667
"451",24,1974,-82.619301,27.5884,3.44444444444444
"452",24,1975,-82.619301,27.5884,4.36363636363636
"453",24,1976,-82.619301,27.5884,4.66666666666667
"454",24,1977,-82.619301,27.5884,5.84166666666667
"455",24,1978,-82.619301,27.5884,5.94166666666667
"456",24,1979,-82.619301,27.5884,6.69166666666667
"457",24,1980,-82.619301,27.5884,5.825
"458",24,1981,-82.619301,27.5884,5
"459",24,1982,-82.619301,27.5884,6.36363636363636
"460",24,1983,-82.619301,27.5884,9.35833333333333
"461",24,1984,-82.619301,27.5884,4
"462",24,1985,-82.619301,27.5884,4.74166666666667
"463",24,1986,-82.619301,27.5884,4.5
"464",24,1987,-82.619301,27.5884,4.45833333333333
"465",24,1988,-82.619301,27.5884,3.425
"466",24,1989,-82.619301,27.5884,5.325
"467",24,1990,-82.619301,27.5884,4.50791666666667
"468",24,1991,-82.619301,27.5884,4.12433333333333
"469",24,1992,-82.619301,27.5884,3.88608333333333
"470",24,1993,-82.619301,27.5884,2.98458333333333
"471",24,1994,-82.619301,27.5884,6.28783333333333
"472",24,1995,-82.619301,27.5884,3.50708333333333
"473",24,1996,-82.619301,27.5884,2.62158333333333
"474",24,1997,-82.619301,27.5884,5.29391666666667
"475",24,1998,-82.619301,27.5884,8.2715
"476",24,1999,-82.619301,27.5884,5.32075
"477",24,2000,-82.619301,27.5884,5.61258333333333
"478",24,2001,-82.619301,27.5884,5.39525
"479",24,2002,-82.619301,27.5884,4.60908333333333
"480",24,2003,-82.619301,27.5884,4.98416666666667
"481",24,2004,-82.619301,27.5884,7.07166666666667
"482",24,2005,-82.619301,27.5884,4.95
"483",24,2006,-82.619301,27.5884,3.73333333333333
"484",24,2007,-82.619301,27.5884,3.60833333333333
"485",24,2008,-82.619301,27.5884,3.1
"486",24,2009,-82.619301,27.5884,4.18333333333333
"487",24,2010,-82.619301,27.5884,4.98333333333333
"488",24,2011,-82.619301,27.5884,4.95
"489",24,2012,-82.619301,27.5884,4.825
"490",24,2013,-82.619301,27.5884,4.39166666666667
"491",24,2014,-82.619301,27.5884,3.68333333333333
"492",24,2015,-82.619301,27.5884,4.08333333333333
"493",24,2016,-82.619301,27.5884,3.175
"494",24,2017,-82.619301,27.5884,3.35833333333333
"495",24,2018,-82.619301,27.5884,3.96666666666667
"496",25,1974,-82.6679,27.662701,4.9
"497",25,1975,-82.6679,27.662701,7.25
"498",25,1976,-82.6679,27.662701,7.56666666666667
"499",25,1977,-82.6679,27.662701,8.375
"500",25,1978,-82.6679,27.662701,7.89166666666667
"501",25,1979,-82.6679,27.662701,11.1
"502",25,1980,-82.6679,27.662701,8.49166666666667
"503",25,1981,-82.6679,27.662701,8.95833333333333
"504",25,1982,-82.6679,27.662701,7.1
"505",25,1983,-82.6679,27.662701,8.1
"506",25,1984,-82.6679,27.662701,5.575
"507",25,1985,-82.6679,27.662701,6.375
"508",25,1986,-82.6679,27.662701,6.5
"509",25,1987,-82.6679,27.662701,5.10833333333333
"510",25,1988,-82.6679,27.662701,5
"511",25,1989,-82.6679,27.662701,6.93333333333333
"512",25,1990,-82.6679,27.662701,6.735
"513",25,1991,-82.6679,27.662701,4.79158333333333
"514",25,1992,-82.6679,27.662701,5.26316666666667
"515",25,1993,-82.6679,27.662701,4.86291666666667
"516",25,1994,-82.6679,27.662701,7.60716666666667
"517",25,1995,-82.6679,27.662701,5.66716666666667
"518",25,1996,-82.6679,27.662701,2.90681818181818
"519",25,1997,-82.6679,27.662701,6.31483333333333
"520",25,1998,-82.6679,27.662701,8.98983333333333
"521",25,1999,-82.6679,27.662701,5.4505
"522",25,2000,-82.6679,27.662701,6.26909090909091
"523",25,2001,-82.6679,27.662701,5.51436363636364
"524",25,2002,-82.6679,27.662701,5.13183333333333
"525",25,2003,-82.6679,27.662701,4.92608333333333
"526",25,2004,-82.6679,27.662701,5.2
"527",25,2005,-82.6679,27.662701,4.64166666666667
"528",25,2006,-82.6679,27.662701,4.175
"529",25,2007,-82.6679,27.662701,4.35833333333333
"530",25,2008,-82.6679,27.662701,2.975
"531",25,2009,-82.6679,27.662701,4.16666666666667
"532",25,2010,-82.6679,27.662701,4.96666666666667
"533",25,2011,-82.6679,27.662701,4.85
"534",25,2012,-82.6679,27.662701,4.56666666666667
"535",25,2013,-82.6679,27.662701,4.53333333333333
"536",25,2014,-82.6679,27.662701,4.08333333333333
"537",25,2015,-82.6679,27.662701,4.3
"538",25,2016,-82.6679,27.662701,3.38333333333333
"539",25,2017,-82.6679,27.662701,4.725
"540",25,2018,-82.6679,27.662701,4.975
"541",28,1974,-82.6092,27.708401,7.81818181818182
"542",28,1975,-82.6092,27.708401,7.91666666666667
"543",28,1976,-82.6092,27.708401,6.15454545454545
"544",28,1977,-82.6092,27.708401,8
"545",28,1978,-82.6092,27.708401,6.90833333333333
"546",28,1979,-82.6092,27.708401,12.275
"547",28,1980,-82.6092,27.708401,11.4166666666667
"548",28,1981,-82.6092,27.708401,13.2833333333333
"549",28,1982,-82.6092,27.708401,10.2636363636364
"550",28,1983,-82.6092,27.708401,14.7818181818182
"551",28,1984,-82.6092,27.708401,6.01666666666667
"552",28,1985,-82.6092,27.708401,7.225
"553",28,1986,-82.6092,27.708401,5.96666666666667
"554",28,1987,-82.6092,27.708401,6.60833333333333
"555",28,1988,-82.6092,27.708401,5.55833333333333
"556",28,1989,-82.6092,27.708401,7.65833333333333
"557",28,1990,-82.6092,27.708401,6.53733333333333
"558",28,1991,-82.6092,27.708401,5.0635
"559",28,1992,-82.6092,27.708401,6.01575
"560",28,1993,-82.6092,27.708401,4.28183333333333
"561",28,1994,-82.6092,27.708401,9.29675
"562",28,1995,-82.6092,27.708401,8.25041666666667
"563",28,1996,-82.6092,27.708401,3.33581818181818
"564",28,1997,-82.6092,27.708401,5.7455
"565",28,1998,-82.6092,27.708401,9.963
"566",28,1999,-82.6092,27.708401,5.43809090909091
"567",28,2000,-82.6092,27.708401,5.67636363636364
"568",28,2001,-82.6092,27.708401,5.55381818181818
"569",28,2002,-82.6092,27.708401,4.28858333333333
"570",28,2003,-82.6092,27.708401,6.33383333333333
"571",28,2004,-82.6092,27.708401,6.11533333333333
"572",28,2005,-82.6092,27.708401,4.23636363636364
"573",28,2006,-82.6092,27.708401,3.68333333333333
"574",28,2007,-82.6092,27.708401,3.475
"575",28,2008,-82.6092,27.708401,2.61666666666667
"576",28,2009,-82.6092,27.708401,4.35
"577",28,2010,-82.6092,27.708401,4.13333333333333
"578",28,2011,-82.6092,27.708401,6.75
"579",28,2012,-82.6092,27.708401,5.83333333333333
"580",28,2013,-82.6092,27.708401,4.93333333333333
"581",28,2014,-82.6092,27.708401,4.99166666666667
"582",28,2015,-82.6092,27.708401,4.69166666666667
"583",28,2016,-82.6092,27.708401,3.23333333333333
"584",28,2017,-82.6092,27.708401,4.29166666666667
"585",28,2018,-82.6092,27.708401,4.75833333333333
"586",32,1974,-82.570702,27.7932,8.63636363636364
"587",32,1975,-82.570702,27.7932,10.9230769230769
"588",32,1976,-82.570702,27.7932,7.56666666666667
"589",32,1977,-82.570702,27.7932,10.8
"590",32,1978,-82.570702,27.7932,9.29166666666667
"591",32,1979,-82.570702,27.7932,15.2
"592",32,1980,-82.570702,27.7932,15.2916666666667
"593",32,1981,-82.570702,27.7932,12.0583333333333
"594",32,1982,-82.570702,27.7932,14.5272727272727
"595",32,1983,-82.570702,27.7932,14.725
"596",32,1984,-82.570702,27.7932,9.71666666666667
"597",32,1985,-82.570702,27.7932,10.625
"598",32,1986,-82.570702,27.7932,8.28181818181818
"599",32,1987,-82.570702,27.7932,7.9
"600",32,1988,-82.570702,27.7932,7.61666666666667
"601",32,1989,-82.570702,27.7932,9.41666666666667
"602",32,1990,-82.570702,27.7932,7.82158333333333
"603",32,1991,-82.570702,27.7932,7.61225
"604",32,1992,-82.570702,27.7932,4.79272727272727
"605",32,1993,-82.570702,27.7932,7.37283333333333
"606",32,1994,-82.570702,27.7932,7.72791666666667
"607",32,1995,-82.570702,27.7932,7.46083333333333
"608",32,1996,-82.570702,27.7932,6.86766666666667
"609",32,1997,-82.570702,27.7932,8.09191666666667
"610",32,1998,-82.570702,27.7932,9.50341666666667
"611",32,1999,-82.570702,27.7932,7.97666666666667
"612",32,2000,-82.570702,27.7932,6.97608333333333
"613",32,2001,-82.570702,27.7932,8.12391666666667
"614",32,2002,-82.570702,27.7932,5.37375
"615",32,2003,-82.570702,27.7932,5.63281818181818
"616",32,2004,-82.570702,27.7932,5.7325
"617",32,2005,-82.570702,27.7932,8.26666666666667
"618",32,2006,-82.570702,27.7932,5.35833333333333
"619",32,2007,-82.570702,27.7932,5.275
"620",32,2008,-82.570702,27.7932,5.08333333333333
"621",32,2009,-82.570702,27.7932,5.13333333333333
"622",32,2010,-82.570702,27.7932,6.875
"623",32,2011,-82.570702,27.7932,8.22727272727273
"624",32,2012,-82.570702,27.7932,7.14166666666667
"625",32,2013,-82.570702,27.7932,7.175
"626",32,2014,-82.570702,27.7932,8.75
"627",32,2015,-82.570702,27.7932,8.65833333333333
"628",32,2016,-82.570702,27.7932,5.55833333333333
"629",32,2017,-82.570702,27.7932,7.78333333333333
"630",32,2018,-82.570702,27.7932,7.06666666666667
"631",33,1974,-82.567497,27.826099,9.36363636363636
"632",33,1975,-82.567497,27.826099,12.5384615384615
"633",33,1976,-82.567497,27.826099,8.79166666666667
"634",33,1977,-82.567497,27.826099,11.2181818181818
"635",33,1978,-82.567497,27.826099,9.6
"636",33,1979,-82.567497,27.826099,16.375
"637",33,1980,-82.567497,27.826099,15.8666666666667
"638",33,1981,-82.567497,27.826099,11.5333333333333
"639",33,1982,-82.567497,27.826099,15.8090909090909
"640",33,1983,-82.567497,27.826099,16.0166666666667
"641",33,1984,-82.567497,27.826099,10.0416666666667
"642",33,1985,-82.567497,27.826099,14.45
"643",33,1986,-82.567497,27.826099,9.5
"644",33,1987,-82.567497,27.826099,9.625
"645",33,1988,-82.567497,27.826099,6.5
"646",33,1989,-82.567497,27.826099,10.1
"647",33,1990,-82.567497,27.826099,8.14575
"648",33,1991,-82.567497,27.826099,7.80075
"649",33,1992,-82.567497,27.826099,5.79163636363636
"650",33,1993,-82.567497,27.826099,6.92791666666667
"651",33,1994,-82.567497,27.826099,8.95916666666667
"652",33,1995,-82.567497,27.826099,9.18016666666667
"653",33,1996,-82.567497,27.826099,7.20175
"654",33,1997,-82.567497,27.826099,8.63675
"655",33,1998,-82.567497,27.826099,15.30075
"656",33,1999,-82.567497,27.826099,9.08475
"657",33,2000,-82.567497,27.826099,5.88483333333333
"658",33,2001,-82.567497,27.826099,8.8765
"659",33,2002,-82.567497,27.826099,6.78441666666667
"660",33,2003,-82.567497,27.826099,11.2676363636364
"661",33,2004,-82.567497,27.826099,8.17091666666667
"662",33,2005,-82.567497,27.826099,7.45833333333333
"663",33,2006,-82.567497,27.826099,5.61666666666667
"664",33,2007,-82.567497,27.826099,7.30833333333333
"665",33,2008,-82.567497,27.826099,5.325
"666",33,2009,-82.567497,27.826099,5.48333333333333
"667",33,2010,-82.567497,27.826099,6.28333333333333
"668",33,2011,-82.567497,27.826099,8.6
"669",33,2012,-82.567497,27.826099,7.49166666666667
"670",33,2013,-82.567497,27.826099,8
"671",33,2014,-82.567497,27.826099,8.21666666666667
"672",33,2015,-82.567497,27.826099,13.2166666666667
"673",33,2016,-82.567497,27.826099,9.01666666666667
"674",33,2017,-82.567497,27.826099,7.1
"675",33,2018,-82.567497,27.826099,6.29166666666667
"676",36,1974,-82.553299,27.855801,8.58333333333333
"677",36,1975,-82.553299,27.855801,11.5384615384615
"678",36,1976,-82.553299,27.855801,9.3
"679",36,1977,-82.553299,27.855801,10.6636363636364
"680",36,1978,-82.553299,27.855801,11.375
"681",36,1979,-82.553299,27.855801,16.925
"682",36,1980,-82.553299,27.855801,14.8
"683",36,1981,-82.553299,27.855801,11.0083333333333
"684",36,1982,-82.553299,27.855801,16.4545454545455
"685",36,1983,-82.553299,27.855801,18.275
"686",36,1984,-82.553299,27.855801,9.31666666666667
"687",36,1985,-82.553299,27.855801,11.875
"688",36,1986,-82.553299,27.855801,9.65
"689",36,1987,-82.553299,27.855801,10.3083333333333
"690",36,1988,-82.553299,27.855801,7.26666666666667
"691",36,1989,-82.553299,27.855801,7.69166666666667
"692",36,1990,-82.553299,27.855801,7.13266666666667
"693",36,1991,-82.553299,27.855801,7.08708333333333
"694",36,1992,-82.553299,27.855801,5.38236363636364
"695",36,1993,-82.553299,27.855801,6.33491666666667
"696",36,1994,-82.553299,27.855801,9.92608333333333
"697",36,1995,-82.553299,27.855801,9.12333333333333
"698",36,1996,-82.553299,27.855801,5.676
"699",36,1997,-82.553299,27.855801,8.08375
"700",36,1998,-82.553299,27.855801,13.9815
"701",36,1999,-82.553299,27.855801,10.0414166666667
"702",36,2000,-82.553299,27.855801,6.24291666666667
"703",36,2001,-82.553299,27.855801,7.76183333333333
"704",36,2002,-82.553299,27.855801,5.93533333333333
"705",36,2003,-82.553299,27.855801,10.3906363636364
"706",36,2004,-82.553299,27.855801,8.44183333333333
"707",36,2005,-82.553299,27.855801,7.7
"708",36,2006,-82.553299,27.855801,5.5
"709",36,2007,-82.553299,27.855801,6.89166666666667
"710",36,2008,-82.553299,27.855801,5.04166666666667
"711",36,2009,-82.553299,27.855801,6.275
"712",36,2010,-82.553299,27.855801,7.16666666666667
"713",36,2011,-82.553299,27.855801,7.85833333333333
"714",36,2012,-82.553299,27.855801,7.48333333333333
"715",36,2013,-82.553299,27.855801,8.51666666666667
"716",36,2014,-82.553299,27.855801,8.01666666666667
"717",36,2015,-82.553299,27.855801,11.4
"718",36,2016,-82.553299,27.855801,7.68333333333333
"719",36,2017,-82.553299,27.855801,7.95
"720",36,2018,-82.553299,27.855801,7.74166666666667
"721",38,1974,-82.577499,27.8818,8
"722",38,1975,-82.577499,27.8818,13.0833333333333
"723",38,1976,-82.577499,27.8818,11.7916666666667
"724",38,1977,-82.577499,27.8818,9.53636363636364
"725",38,1978,-82.577499,27.8818,9.31666666666667
"726",38,1979,-82.577499,27.8818,16.1
"727",38,1980,-82.577499,27.8818,13.3416666666667
"728",38,1981,-82.577499,27.8818,11.1833333333333
"729",38,1982,-82.577499,27.8818,11.6909090909091
"730",38,1983,-82.577499,27.8818,18.825
"731",38,1984,-82.577499,27.8818,8.95
"732",38,1985,-82.577499,27.8818,11.4666666666667
"733",38,1986,-82.577499,27.8818,10.325
"734",38,1987,-82.577499,27.8818,9.20833333333333
"735",38,1988,-82.577499,27.8818,6.425
"736",38,1989,-82.577499,27.8818,8.15
"737",38,1990,-82.577499,27.8818,9.78358333333333
"738",38,1991,-82.577499,27.8818,6.30566666666667
"739",38,1992,-82.577499,27.8818,6.78991666666667
"740",38,1993,-82.577499,27.8818,7.65391666666667
"741",38,1994,-82.577499,27.8818,9.42733333333333
"742",38,1995,-82.577499,27.8818,11.0043333333333
"743",38,1996,-82.577499,27.8818,6.29741666666667
"744",38,1997,-82.577499,27.8818,9.085
"745",38,1998,-82.577499,27.8818,12.0925833333333
"746",38,1999,-82.577499,27.8818,9.30927272727273
"747",38,2000,-82.577499,27.8818,6.012
"748",38,2001,-82.577499,27.8818,6.68066666666667
"749",38,2002,-82.577499,27.8818,6.5565
"750",38,2003,-82.577499,27.8818,10.8935
"751",38,2004,-82.577499,27.8818,7.85766666666667
"752",38,2005,-82.577499,27.8818,6.45
"753",38,2006,-82.577499,27.8818,5.44166666666667
"754",38,2007,-82.577499,27.8818,6.6
"755",38,2008,-82.577499,27.8818,5.675
"756",38,2009,-82.577499,27.8818,5.89166666666667
"757",38,2010,-82.577499,27.8818,7.975
"758",38,2011,-82.577499,27.8818,10.925
"759",38,2012,-82.577499,27.8818,8.11666666666667
"760",38,2013,-82.577499,27.8818,7.60833333333333
"761",38,2014,-82.577499,27.8818,9.26666666666667
"762",38,2015,-82.577499,27.8818,13.0583333333333
"763",38,2016,-82.577499,27.8818,8.56666666666667
"764",38,2017,-82.577499,27.8818,11.15
"765",38,2018,-82.577499,27.8818,8.04166666666667
"766",40,1974,-82.587303,27.9291,6.9
"767",40,1975,-82.587303,27.9291,10.6923076923077
"768",40,1976,-82.587303,27.9291,9.16666666666667
"769",40,1977,-82.587303,27.9291,11.1727272727273
"770",40,1978,-82.587303,27.9291,9.95
"771",40,1979,-82.587303,27.9291,15.825
"772",40,1980,-82.587303,27.9291,11.925
"773",40,1981,-82.587303,27.9291,13.2083333333333
"774",40,1982,-82.587303,27.9291,12.7636363636364
"775",40,1983,-82.587303,27.9291,17.2166666666667
"776",40,1984,-82.587303,27.9291,9.78333333333333
"777",40,1985,-82.587303,27.9291,11.9583333333333
"778",40,1986,-82.587303,27.9291,9.18333333333333
"779",40,1987,-82.587303,27.9291,7.675
"780",40,1988,-82.587303,27.9291,6.80833333333333
"781",40,1989,-82.587303,27.9291,9.725
"782",40,1990,-82.587303,27.9291,10.0281666666667
"783",40,1991,-82.587303,27.9291,6.95991666666667
"784",40,1992,-82.587303,27.9291,7.82666666666667
"785",40,1993,-82.587303,27.9291,9.90933333333333
"786",40,1994,-82.587303,27.9291,8.67441666666667
"787",40,1995,-82.587303,27.9291,11.10675
"788",40,1996,-82.587303,27.9291,6.87141666666667
"789",40,1997,-82.587303,27.9291,8.81158333333333
"790",40,1998,-82.587303,27.9291,11.3049166666667
"791",40,1999,-82.587303,27.9291,9.14608333333333
"792",40,2000,-82.587303,27.9291,7.30825
"793",40,2001,-82.587303,27.9291,10.7138333333333
"794",40,2002,-82.587303,27.9291,7.08316666666667
"795",40,2003,-82.587303,27.9291,14.1248333333333
"796",40,2004,-82.587303,27.9291,12.2181666666667
"797",40,2005,-82.587303,27.9291,5.91666666666667
"798",40,2006,-82.587303,27.9291,5.55
"799",40,2007,-82.587303,27.9291,6.84166666666667
"800",40,2008,-82.587303,27.9291,7.825
"801",40,2009,-82.587303,27.9291,9.46666666666667
"802",40,2010,-82.587303,27.9291,7.00833333333333
"803",40,2011,-82.587303,27.9291,17.775
"804",40,2012,-82.587303,27.9291,9.30833333333333
"805",40,2013,-82.587303,27.9291,8.7
"806",40,2014,-82.587303,27.9291,5.98333333333333
"807",40,2015,-82.587303,27.9291,9.16666666666667
"808",40,2016,-82.587303,27.9291,8.44166666666667
"809",40,2017,-82.587303,27.9291,12.7333333333333
"810",40,2018,-82.587303,27.9291,7.55
"811",41,1974,-82.565002,27.937401,7.45454545454545
"812",41,1975,-82.565002,27.937401,9.84615384615385
"813",41,1976,-82.565002,27.937401,10.4272727272727
"814",41,1977,-82.565002,27.937401,8.69090909090909
"815",41,1978,-82.565002,27.937401,8.20833333333333
"816",41,1979,-82.565002,27.937401,16.1083333333333
"817",41,1980,-82.565002,27.937401,13.225
"818",41,1981,-82.565002,27.937401,11.2583333333333
"819",41,1982,-82.565002,27.937401,11.0636363636364
"820",41,1983,-82.565002,27.937401,15.4916666666667
"821",41,1984,-82.565002,27.937401,9.34166666666667
"822",41,1985,-82.565002,27.937401,12.9583333333333
"823",41,1986,-82.565002,27.937401,10.1416666666667
"824",41,1987,-82.565002,27.937401,9.84166666666667
"825",41,1988,-82.565002,27.937401,7.725
"826",41,1989,-82.565002,27.937401,9.74166666666667
"827",41,1990,-82.565002,27.937401,7.8365
"828",41,1991,-82.565002,27.937401,8.1345
"829",41,1992,-82.565002,27.937401,5.808
"830",41,1993,-82.565002,27.937401,7.10291666666667
"831",41,1994,-82.565002,27.937401,7.86241666666667
"832",41,1995,-82.565002,27.937401,10.9888333333333
"833",41,1996,-82.565002,27.937401,5.45741666666667
"834",41,1997,-82.565002,27.937401,6.95141666666667
"835",41,1998,-82.565002,27.937401,7.72808333333333
"836",41,1999,-82.565002,27.937401,5.68966666666667
"837",41,2000,-82.565002,27.937401,5.149
"838",41,2001,-82.565002,27.937401,7.30025
"839",41,2002,-82.565002,27.937401,5.82883333333333
"840",41,2003,-82.565002,27.937401,9.92441666666667
"841",41,2004,-82.565002,27.937401,10.1818181818182
"842",41,2005,-82.565002,27.937401,5.30833333333333
"843",41,2006,-82.565002,27.937401,5.60833333333333
"844",41,2007,-82.565002,27.937401,6.38333333333333
"845",41,2008,-82.565002,27.937401,9.13333333333333
"846",41,2009,-82.565002,27.937401,9.575
"847",41,2010,-82.565002,27.937401,5.12727272727273
"848",41,2011,-82.565002,27.937401,9.09166666666667
"849",41,2012,-82.565002,27.937401,6.75833333333333
"850",41,2013,-82.565002,27.937401,5.43333333333333
"851",41,2014,-82.565002,27.937401,3.81666666666667
"852",41,2015,-82.565002,27.937401,6.81666666666667
"853",41,2016,-82.565002,27.937401,6.05833333333333
"854",41,2017,-82.565002,27.937401,6.65
"855",41,2018,-82.565002,27.937401,6.10833333333333
"856",44,1974,-82.480698,27.9237,22.8333333333333
"857",44,1975,-82.480698,27.9237,43.25
"858",44,1976,-82.480698,27.9237,30.4166666666667
"859",44,1977,-82.480698,27.9237,55
"860",44,1978,-82.480698,27.9237,23.225
"861",44,1979,-82.480698,27.9237,27.2416666666667
"862",44,1980,-82.480698,27.9237,19.8166666666667
"863",44,1981,-82.480698,27.9237,26.9
"864",44,1982,-82.480698,27.9237,37.8545454545455
"865",44,1983,-82.480698,27.9237,22.7
"866",44,1984,-82.480698,27.9237,13.95
"867",44,1985,-82.480698,27.9237,16.6666666666667
"868",44,1986,-82.480698,27.9237,18.0833333333333
"869",44,1987,-82.480698,27.9237,13.7083333333333
"870",44,1988,-82.480698,27.9237,11.425
"871",44,1989,-82.480698,27.9237,12.9416666666667
"872",44,1990,-82.480698,27.9237,11.4396666666667
"873",44,1991,-82.480698,27.9237,15.1089166666667
"874",44,1992,-82.480698,27.9237,11.287
"875",44,1993,-82.480698,27.9237,7.945
"876",44,1994,-82.480698,27.9237,20.1235833333333
"877",44,1995,-82.480698,27.9237,21.10275
"878",44,1996,-82.480698,27.9237,7.89775
"879",44,1997,-82.480698,27.9237,14.29825
"880",44,1998,-82.480698,27.9237,21.89425
"881",44,1999,-82.480698,27.9237,12.5333333333333
"882",44,2000,-82.480698,27.9237,9.47825
"883",44,2001,-82.480698,27.9237,13.5509166666667
"884",44,2002,-82.480698,27.9237,15.2196666666667
"885",44,2003,-82.480698,27.9237,11.9305833333333
"886",44,2004,-82.480698,27.9237,10.0479166666667
"887",44,2005,-82.480698,27.9237,11.9416666666667
"888",44,2006,-82.480698,27.9237,14.225
"889",44,2007,-82.480698,27.9237,8.29166666666667
"890",44,2008,-82.480698,27.9237,8.275
"891",44,2009,-82.480698,27.9237,15.1083333333333
"892",44,2010,-82.480698,27.9237,12.8909090909091
"893",44,2011,-82.480698,27.9237,12.275
"894",44,2012,-82.480698,27.9237,14.125
"895",44,2013,-82.480698,27.9237,14.3416666666667
"896",44,2014,-82.480698,27.9237,10.75
"897",44,2015,-82.480698,27.9237,13.2333333333333
"898",44,2016,-82.480698,27.9237,15.4666666666667
"899",44,2017,-82.480698,27.9237,12.1083333333333
"900",44,2018,-82.480698,27.9237,12.0416666666667
"901",46,1974,-82.659302,27.9904,8.72727272727273
"902",46,1975,-82.659302,27.9904,14.4615384615385
"903",46,1976,-82.659302,27.9904,10.3833333333333
"904",46,1977,-82.659302,27.9904,14.8545454545455
"905",46,1978,-82.659302,27.9904,8.35833333333333
"906",46,1979,-82.659302,27.9904,16.25
"907",46,1980,-82.659302,27.9904,10.5166666666667
"908",46,1981,-82.659302,27.9904,14.1083333333333
"909",46,1982,-82.659302,27.9904,12.3818181818182
"910",46,1983,-82.659302,27.9904,15.6833333333333
"911",46,1984,-82.659302,27.9904,9.125
"912",46,1985,-82.659302,27.9904,10.8083333333333
"913",46,1986,-82.659302,27.9904,8.79166666666667
"914",46,1987,-82.659302,27.9904,10.125
"915",46,1988,-82.659302,27.9904,8.75833333333333
"916",46,1989,-82.659302,27.9904,8.925
"917",46,1990,-82.659302,27.9904,9.8085
"918",46,1991,-82.659302,27.9904,10.92675
"919",46,1992,-82.659302,27.9904,7.90783333333333
"920",46,1993,-82.659302,27.9904,6.60116666666667
"921",46,1994,-82.659302,27.9904,11.2483333333333
"922",46,1995,-82.659302,27.9904,12.39175
"923",46,1996,-82.659302,27.9904,6.702
"924",46,1997,-82.659302,27.9904,9.42475
"925",46,1998,-82.659302,27.9904,12.744
"926",46,1999,-82.659302,27.9904,5.36633333333333
"927",46,2000,-82.659302,27.9904,10.0800833333333
"928",46,2001,-82.659302,27.9904,8.67966666666667
"929",46,2002,-82.659302,27.9904,7.69225
"930",46,2003,-82.659302,27.9904,11.27025
"931",46,2004,-82.659302,27.9904,10.2431666666667
"932",46,2005,-82.659302,27.9904,11.2416666666667
"933",46,2006,-82.659302,27.9904,6.75833333333333
"934",46,2007,-82.659302,27.9904,7.88333333333333
"935",46,2008,-82.659302,27.9904,9.64166666666667
"936",46,2009,-82.659302,27.9904,23.0583333333333
"937",46,2010,-82.659302,27.9904,7.94166666666667
"938",46,2011,-82.659302,27.9904,13.9333333333333
"939",46,2012,-82.659302,27.9904,8.68333333333333
"940",46,2013,-82.659302,27.9904,11.8166666666667
"941",46,2014,-82.659302,27.9904,9.3
"942",46,2015,-82.659302,27.9904,8.56666666666667
"943",46,2016,-82.659302,27.9904,8.68333333333333
"944",46,2017,-82.659302,27.9904,9.65833333333333
"945",46,2018,-82.659302,27.9904,11.3416666666667
"946",47,1974,-82.620201,27.972601,7.54545454545455
"947",47,1975,-82.620201,27.972601,10
"948",47,1976,-82.620201,27.972601,10.3666666666667
"949",47,1977,-82.620201,27.972601,12.7181818181818
"950",47,1978,-82.620201,27.972601,9.025
"951",47,1979,-82.620201,27.972601,16.9833333333333
"952",47,1980,-82.620201,27.972601,11.8666666666667
"953",47,1981,-82.620201,27.972601,12.5166666666667
"954",47,1982,-82.620201,27.972601,12.4363636363636
"955",47,1983,-82.620201,27.972601,15.15
"956",47,1984,-82.620201,27.972601,9.95833333333333
"957",47,1985,-82.620201,27.972601,11.075
"958",47,1986,-82.620201,27.972601,10.8
"959",47,1987,-82.620201,27.972601,9.85
"960",47,1988,-82.620201,27.972601,7.29166666666667
"961",47,1989,-82.620201,27.972601,8.95833333333333
"962",47,1990,-82.620201,27.972601,10.0483333333333
"963",47,1991,-82.620201,27.972601,8.75541666666667
"964",47,1992,-82.620201,27.972601,7.33783333333333
"965",47,1993,-82.620201,27.972601,7.20233333333333
"966",47,1994,-82.620201,27.972601,10.7213333333333
"967",47,1995,-82.620201,27.972601,13.3675
"968",47,1996,-82.620201,27.972601,7.4605
"969",47,1997,-82.620201,27.972601,8.89083333333333
"970",47,1998,-82.620201,27.972601,9.40141666666667
"971",47,1999,-82.620201,27.972601,5.54708333333333
"972",47,2000,-82.620201,27.972601,6.253
"973",47,2001,-82.620201,27.972601,8.19083333333333
"974",47,2002,-82.620201,27.972601,7.38483333333333
"975",47,2003,-82.620201,27.972601,11.9121666666667
"976",47,2004,-82.620201,27.972601,10.63825
"977",47,2005,-82.620201,27.972601,8.06666666666667
"978",47,2006,-82.620201,27.972601,6.925
"979",47,2007,-82.620201,27.972601,7.85
"980",47,2008,-82.620201,27.972601,13.3166666666667
"981",47,2009,-82.620201,27.972601,7.775
"982",47,2010,-82.620201,27.972601,6.53333333333333
"983",47,2011,-82.620201,27.972601,13.7916666666667
"984",47,2012,-82.620201,27.972601,5.575
"985",47,2013,-82.620201,27.972601,8.28333333333333
"986",47,2014,-82.620201,27.972601,6.24166666666667
"987",47,2015,-82.620201,27.972601,10.4166666666667
"988",47,2016,-82.620201,27.972601,8.1
"989",47,2017,-82.620201,27.972601,7.86666666666667
"990",47,2018,-82.620201,27.972601,7.59166666666667
"991",50,1974,-82.537903,27.918501,10.1111111111111
"992",50,1975,-82.537903,27.918501,11
"993",50,1976,-82.537903,27.918501,10.1727272727273
"994",50,1977,-82.537903,27.918501,8.24545454545455
"995",50,1978,-82.537903,27.918501,9.26666666666667
"996",50,1979,-82.537903,27.918501,14.0666666666667
"997",50,1980,-82.537903,27.918501,12.5833333333333
"998",50,1981,-82.537903,27.918501,10.35
"999",50,1982,-82.537903,27.918501,11.4545454545455
"1000",50,1983,-82.537903,27.918501,14.9333333333333
"1001",50,1984,-82.537903,27.918501,8.6
"1002",50,1985,-82.537903,27.918501,10.0833333333333
"1003",50,1986,-82.537903,27.918501,10.375
"1004",50,1987,-82.537903,27.918501,8.81666666666667
"1005",50,1988,-82.537903,27.918501,7.6
"1006",50,1989,-82.537903,27.918501,7.44166666666667
"1007",50,1990,-82.537903,27.918501,6.14541666666667
"1008",50,1991,-82.537903,27.918501,6.46490909090909
"1009",50,1992,-82.537903,27.918501,5.61418181818182
"1010",50,1993,-82.537903,27.918501,5.61308333333333
"1011",50,1994,-82.537903,27.918501,7.72416666666667
"1012",50,1995,-82.537903,27.918501,9.457
"1013",50,1996,-82.537903,27.918501,5.17475
"1014",50,1997,-82.537903,27.918501,5.49908333333333
"1015",50,1998,-82.537903,27.918501,7.49541666666667
"1016",50,1999,-82.537903,27.918501,7.95008333333333
"1017",50,2000,-82.537903,27.918501,4.51425
"1018",50,2001,-82.537903,27.918501,6.17983333333333
"1019",50,2002,-82.537903,27.918501,4.92045454545454
"1020",50,2003,-82.537903,27.918501,9.02016666666667
"1021",50,2004,-82.537903,27.918501,10.0443333333333
"1022",50,2005,-82.537903,27.918501,4.75
"1023",50,2006,-82.537903,27.918501,5.05
"1024",50,2007,-82.537903,27.918501,5.66666666666667
"1025",50,2008,-82.537903,27.918501,4.94166666666667
"1026",50,2009,-82.537903,27.918501,6.95
"1027",50,2010,-82.537903,27.918501,6.15833333333333
"1028",50,2011,-82.537903,27.918501,7.58333333333333
"1029",50,2012,-82.537903,27.918501,5.50833333333333
"1030",50,2013,-82.537903,27.918501,6.05833333333333
"1031",50,2014,-82.537903,27.918501,5.31666666666667
"1032",50,2015,-82.537903,27.918501,7.94166666666667
"1033",50,2016,-82.537903,27.918501,5.49166666666667
"1034",50,2017,-82.537903,27.918501,7.36666666666667
"1035",50,2018,-82.537903,27.918501,6.43333333333333
"1036",51,1974,-82.548798,27.8902,8
"1037",51,1975,-82.548798,27.8902,11.3846153846154
"1038",51,1976,-82.548798,27.8902,9.75
"1039",51,1977,-82.548798,27.8902,9.39090909090909
"1040",51,1978,-82.548798,27.8902,9.95
"1041",51,1979,-82.548798,27.8902,16.6583333333333
"1042",51,1980,-82.548798,27.8902,13.425
"1043",51,1981,-82.548798,27.8902,10.35
"1044",51,1982,-82.548798,27.8902,15.1181818181818
"1045",51,1983,-82.548798,27.8902,18.275
"1046",51,1984,-82.548798,27.8902,9.275
"1047",51,1985,-82.548798,27.8902,10.4166666666667
"1048",51,1986,-82.548798,27.8902,9.36666666666667
"1049",51,1987,-82.548798,27.8902,8.50833333333333
"1050",51,1988,-82.548798,27.8902,7.95833333333333
"1051",51,1989,-82.548798,27.8902,8.675
"1052",51,1990,-82.548798,27.8902,7.8835
"1053",51,1991,-82.548798,27.8902,6.30875
"1054",51,1992,-82.548798,27.8902,5.60154545454545
"1055",51,1993,-82.548798,27.8902,6.13516666666667
"1056",51,1994,-82.548798,27.8902,8.06216666666667
"1057",51,1995,-82.548798,27.8902,8.44625
"1058",51,1996,-82.548798,27.8902,5.97925
"1059",51,1997,-82.548798,27.8902,6.52358333333333
"1060",51,1998,-82.548798,27.8902,8.7975
"1061",51,1999,-82.548798,27.8902,8.67691666666667
"1062",51,2000,-82.548798,27.8902,5.16908333333333
"1063",51,2001,-82.548798,27.8902,5.81208333333333
"1064",51,2002,-82.548798,27.8902,4.488
"1065",51,2003,-82.548798,27.8902,8.0445
"1066",51,2004,-82.548798,27.8902,6.73975
"1067",51,2005,-82.548798,27.8902,4.44166666666667
"1068",51,2006,-82.548798,27.8902,3.84166666666667
"1069",51,2007,-82.548798,27.8902,5.7
"1070",51,2008,-82.548798,27.8902,4.38333333333333
"1071",51,2009,-82.548798,27.8902,6.05833333333333
"1072",51,2010,-82.548798,27.8902,6.925
"1073",51,2011,-82.548798,27.8902,7.60833333333333
"1074",51,2012,-82.548798,27.8902,7.45833333333333
"1075",51,2013,-82.548798,27.8902,7.725
"1076",51,2014,-82.548798,27.8902,7.39166666666667
"1077",51,2015,-82.548798,27.8902,10.8583333333333
"1078",51,2016,-82.548798,27.8902,5.84166666666667
"1079",51,2017,-82.548798,27.8902,6.93333333333333
"1080",51,2018,-82.548798,27.8902,8.51666666666667
"1081",52,1974,-82.438202,27.896999,23.25
"1082",52,1975,-82.438202,27.896999,37.0833333333333
"1083",52,1976,-82.438202,27.896999,30.45
"1084",52,1977,-82.438202,27.896999,27.425
"1085",52,1978,-82.438202,27.896999,25.6666666666667
"1086",52,1979,-82.438202,27.896999,31.45
"1087",52,1980,-82.438202,27.896999,26.8333333333333
"1088",52,1981,-82.438202,27.896999,30.6833333333333
"1089",52,1982,-82.438202,27.896999,22.4090909090909
"1090",52,1983,-82.438202,27.896999,23.9583333333333
"1091",52,1984,-82.438202,27.896999,16.4090909090909
"1092",52,1985,-82.438202,27.896999,24.8333333333333
"1093",52,1986,-82.438202,27.896999,22.15
"1094",52,1987,-82.438202,27.896999,18.8083333333333
"1095",52,1988,-82.438202,27.896999,15.575
"1096",52,1989,-82.438202,27.896999,18.3416666666667
"1097",52,1990,-82.438202,27.896999,14.14825
"1098",52,1991,-82.438202,27.896999,15.80675
"1099",52,1992,-82.438202,27.896999,11.6708333333333
"1100",52,1993,-82.438202,27.896999,12.8681666666667
"1101",52,1994,-82.438202,27.896999,12.7498333333333
"1102",52,1995,-82.438202,27.896999,23.7224166666667
"1103",52,1996,-82.438202,27.896999,11.3118333333333
"1104",52,1997,-82.438202,27.896999,14.6826666666667
"1105",52,1998,-82.438202,27.896999,24.9580833333333
"1106",52,1999,-82.438202,27.896999,9.25158333333333
"1107",52,2000,-82.438202,27.896999,10.4881666666667
"1108",52,2001,-82.438202,27.896999,10.4629166666667
"1109",52,2002,-82.438202,27.896999,13.187
"1110",52,2003,-82.438202,27.896999,10.3413333333333
"1111",52,2004,-82.438202,27.896999,9.84075
"1112",52,2005,-82.438202,27.896999,16.3083333333333
"1113",52,2006,-82.438202,27.896999,13.3166666666667
"1114",52,2007,-82.438202,27.896999,8.625
"1115",52,2008,-82.438202,27.896999,13.825
"1116",52,2009,-82.438202,27.896999,19.9916666666667
"1117",52,2010,-82.438202,27.896999,16.2583333333333
"1118",52,2011,-82.438202,27.896999,12.8166666666667
"1119",52,2012,-82.438202,27.896999,14.3666666666667
"1120",52,2013,-82.438202,27.896999,18.2833333333333
"1121",52,2014,-82.438202,27.896999,16.425
"1122",52,2015,-82.438202,27.896999,11.5916666666667
"1123",52,2016,-82.438202,27.896999,15.375
"1124",52,2017,-82.438202,27.896999,9.96666666666667
"1125",52,2018,-82.438202,27.896999,17.2916666666667
"1126",55,1974,-82.431396,27.8493,21
"1127",55,1975,-82.431396,27.8493,20.4166666666667
"1128",55,1976,-82.431396,27.8493,25.6666666666667
"1129",55,1977,-82.431396,27.8493,21.2083333333333
"1130",55,1978,-82.431396,27.8493,19.0083333333333
"1131",55,1979,-82.431396,27.8493,26.8166666666667
"1132",55,1980,-82.431396,27.8493,20.2166666666667
"1133",55,1981,-82.431396,27.8493,22.3416666666667
"1134",55,1982,-82.431396,27.8493,27.9
"1135",55,1983,-82.431396,27.8493,23.1083333333333
"1136",55,1984,-82.431396,27.8493,13.2333333333333
"1137",55,1985,-82.431396,27.8493,19.5916666666667
"1138",55,1986,-82.431396,27.8493,13.8
"1139",55,1987,-82.431396,27.8493,14.375
"1140",55,1988,-82.431396,27.8493,12.9
"1141",55,1989,-82.431396,27.8493,12.6333333333333
"1142",55,1990,-82.431396,27.8493,13.1246666666667
"1143",55,1991,-82.431396,27.8493,11.5625833333333
"1144",55,1992,-82.431396,27.8493,11.5445
"1145",55,1993,-82.431396,27.8493,8.47891666666667
"1146",55,1994,-82.431396,27.8493,15.3185833333333
"1147",55,1995,-82.431396,27.8493,22.67625
"1148",55,1996,-82.431396,27.8493,8.5925
"1149",55,1997,-82.431396,27.8493,10.4144166666667
"1150",55,1998,-82.431396,27.8493,20.5138333333333
"1151",55,1999,-82.431396,27.8493,8.86325
"1152",55,2000,-82.431396,27.8493,6.5005
"1153",55,2001,-82.431396,27.8493,9.76816666666667
"1154",55,2002,-82.431396,27.8493,9.71483333333333
"1155",55,2003,-82.431396,27.8493,11.0038333333333
"1156",55,2004,-82.431396,27.8493,14.1178333333333
"1157",55,2005,-82.431396,27.8493,11.675
"1158",55,2006,-82.431396,27.8493,8.95833333333333
"1159",55,2007,-82.431396,27.8493,8.89166666666667
"1160",55,2008,-82.431396,27.8493,13.35
"1161",55,2009,-82.431396,27.8493,11.1166666666667
"1162",55,2010,-82.431396,27.8493,7.625
"1163",55,2011,-82.431396,27.8493,10.9666666666667
"1164",55,2012,-82.431396,27.8493,13.7833333333333
"1165",55,2013,-82.431396,27.8493,12.9833333333333
"1166",55,2014,-82.431396,27.8493,9.475
"1167",55,2015,-82.431396,27.8493,7.09166666666667
"1168",55,2016,-82.431396,27.8493,9.58333333333333
"1169",55,2017,-82.431396,27.8493,10.4833333333333
"1170",55,2018,-82.431396,27.8493,14.1
"1171",60,1974,-82.631599,27.989901,6.6
"1172",60,1975,-82.631599,27.989901,9.75
"1173",60,1976,-82.631599,27.989901,10.2083333333333
"1174",60,1977,-82.631599,27.989901,9.45454545454546
"1175",60,1978,-82.631599,27.989901,8.86666666666667
"1176",60,1979,-82.631599,27.989901,17.55
"1177",60,1980,-82.631599,27.989901,10.3916666666667
"1178",60,1981,-82.631599,27.989901,14.3833333333333
"1179",60,1982,-82.631599,27.989901,13.1727272727273
"1180",60,1983,-82.631599,27.989901,14.4166666666667
"1181",60,1984,-82.631599,27.989901,9.66666666666667
"1182",60,1985,-82.631599,27.989901,10.6
"1183",60,1986,-82.631599,27.989901,8.08181818181818
"1184",60,1987,-82.631599,27.989901,10.0333333333333
"1185",60,1988,-82.631599,27.989901,9.03333333333333
"1186",60,1989,-82.631599,27.989901,8.85833333333333
"1187",60,1990,-82.631599,27.989901,8.26175
"1188",60,1991,-82.631599,27.989901,9.40375
"1189",60,1992,-82.631599,27.989901,7.89358333333333
"1190",60,1993,-82.631599,27.989901,5.06241666666667
"1191",60,1994,-82.631599,27.989901,10.0274166666667
"1192",60,1995,-82.631599,27.989901,13.002
"1193",60,1996,-82.631599,27.989901,5.90875
"1194",60,1997,-82.631599,27.989901,8.46208333333333
"1195",60,1998,-82.631599,27.989901,9.524
"1196",60,1999,-82.631599,27.989901,5.68308333333333
"1197",60,2000,-82.631599,27.989901,4.67325
"1198",60,2001,-82.631599,27.989901,6.86658333333333
"1199",60,2002,-82.631599,27.989901,7.73716666666667
"1200",60,2003,-82.631599,27.989901,11.906
"1201",60,2004,-82.631599,27.989901,9.34191666666667
"1202",60,2005,-82.631599,27.989901,9.30833333333333
"1203",60,2006,-82.631599,27.989901,7.625
"1204",60,2007,-82.631599,27.989901,6.33333333333333
"1205",60,2008,-82.631599,27.989901,10.8916666666667
"1206",60,2009,-82.631599,27.989901,13.6
"1207",60,2010,-82.631599,27.989901,8.18333333333333
"1208",60,2011,-82.631599,27.989901,9.60833333333333
"1209",60,2012,-82.631599,27.989901,5.41666666666667
"1210",60,2013,-82.631599,27.989901,8.44166666666667
"1211",60,2014,-82.631599,27.989901,7.13333333333333
"1212",60,2015,-82.631599,27.989901,6.4
"1213",60,2016,-82.631599,27.989901,8.925
"1214",60,2017,-82.631599,27.989901,9.05833333333333
"1215",60,2018,-82.631599,27.989901,8.10833333333333
"1216",63,1974,-82.575996,27.9676,7.66666666666667
"1217",63,1975,-82.575996,27.9676,11.6153846153846
"1218",63,1976,-82.575996,27.9676,11.375
"1219",63,1977,-82.575996,27.9676,10.9363636363636
"1220",63,1978,-82.575996,27.9676,6.88333333333333
"1221",63,1979,-82.575996,27.9676,16.1
"1222",63,1980,-82.575996,27.9676,11.025
"1223",63,1981,-82.575996,27.9676,11.2
"1224",63,1982,-82.575996,27.9676,12.8909090909091
"1225",63,1983,-82.575996,27.9676,15.4083333333333
"1226",63,1984,-82.575996,27.9676,10.3916666666667
"1227",63,1985,-82.575996,27.9676,10.9
"1228",63,1986,-82.575996,27.9676,11.5166666666667
"1229",63,1987,-82.575996,27.9676,10.7083333333333
"1230",63,1988,-82.575996,27.9676,7.99166666666667
"1231",63,1989,-82.575996,27.9676,9.1
"1232",63,1990,-82.575996,27.9676,7.94458333333333
"1233",63,1991,-82.575996,27.9676,8.28
"1234",63,1992,-82.575996,27.9676,5.24727272727273
"1235",63,1993,-82.575996,27.9676,6.65591666666667
"1236",63,1994,-82.575996,27.9676,10.723
"1237",63,1995,-82.575996,27.9676,12.7288333333333
"1238",63,1996,-82.575996,27.9676,6.5635
"1239",63,1997,-82.575996,27.9676,7.30491666666667
"1240",63,1998,-82.575996,27.9676,8.80066666666667
"1241",63,1999,-82.575996,27.9676,4.90333333333333
"1242",63,2000,-82.575996,27.9676,5.15483333333333
"1243",63,2001,-82.575996,27.9676,7.9405
"1244",63,2002,-82.575996,27.9676,8.07025
"1245",63,2003,-82.575996,27.9676,11.35475
"1246",63,2004,-82.575996,27.9676,11.3583333333333
"1247",63,2005,-82.575996,27.9676,7.375
"1248",63,2006,-82.575996,27.9676,4.525
"1249",63,2007,-82.575996,27.9676,11.2166666666667
"1250",63,2008,-82.575996,27.9676,8.00833333333333
"1251",63,2009,-82.575996,27.9676,32.925
"1252",63,2010,-82.575996,27.9676,6.36666666666667
"1253",63,2011,-82.575996,27.9676,10.5083333333333
"1254",63,2012,-82.575996,27.9676,6.24166666666667
"1255",63,2013,-82.575996,27.9676,5.975
"1256",63,2014,-82.575996,27.9676,5.475
"1257",63,2015,-82.575996,27.9676,11.6
"1258",63,2016,-82.575996,27.9676,5.64166666666667
"1259",63,2017,-82.575996,27.9676,7.65
"1260",63,2018,-82.575996,27.9676,6.91666666666667
"1261",64,1974,-82.683296,27.979401,13.25
"1262",64,1975,-82.683296,27.979401,12.9230769230769
"1263",64,1976,-82.683296,27.979401,9.675
"1264",64,1977,-82.683296,27.979401,15.7090909090909
"1265",64,1978,-82.683296,27.979401,7.3
"1266",64,1979,-82.683296,27.979401,16.45
"1267",64,1980,-82.683296,27.979401,11.7
"1268",64,1981,-82.683296,27.979401,12.8416666666667
"1269",64,1982,-82.683296,27.979401,10.8090909090909
"1270",64,1983,-82.683296,27.979401,16.3583333333333
"1271",64,1984,-82.683296,27.979401,9.66666666666667
"1272",64,1985,-82.683296,27.979401,11.2833333333333
"1273",64,1986,-82.683296,27.979401,10.2416666666667
"1274",64,1987,-82.683296,27.979401,9.24166666666667
"1275",64,1988,-82.683296,27.979401,8.83333333333333
"1276",64,1989,-82.683296,27.979401,8.95
"1277",64,1990,-82.683296,27.979401,9.444
"1278",64,1991,-82.683296,27.979401,9.5565
"1279",64,1992,-82.683296,27.979401,8.16233333333333
"1280",64,1993,-82.683296,27.979401,7.16275
"1281",64,1994,-82.683296,27.979401,9.49583333333333
"1282",64,1995,-82.683296,27.979401,11.04225
"1283",64,1996,-82.683296,27.979401,7.698
"1284",64,1997,-82.683296,27.979401,8.93408333333333
"1285",64,1998,-82.683296,27.979401,14.9920833333333
"1286",64,1999,-82.683296,27.979401,8.30941666666667
"1287",64,2000,-82.683296,27.979401,10.0485833333333
"1288",64,2001,-82.683296,27.979401,9.43183333333333
"1289",64,2002,-82.683296,27.979401,12.0895
"1290",64,2003,-82.683296,27.979401,13.6861666666667
"1291",64,2004,-82.683296,27.979401,15.0788333333333
"1292",64,2005,-82.683296,27.979401,17.9666666666667
"1293",64,2006,-82.683296,27.979401,9.775
"1294",64,2007,-82.683296,27.979401,18.4833333333333
"1295",64,2008,-82.683296,27.979401,12
"1296",64,2009,-82.683296,27.979401,11.1166666666667
"1297",64,2010,-82.683296,27.979401,8.60833333333333
"1298",64,2011,-82.683296,27.979401,10.7416666666667
"1299",64,2012,-82.683296,27.979401,8.275
"1300",64,2013,-82.683296,27.979401,8.525
"1301",64,2014,-82.683296,27.979401,12.2166666666667
"1302",64,2015,-82.683296,27.979401,12.6083333333333
"1303",64,2016,-82.683296,27.979401,11.0166666666667
"1304",64,2017,-82.683296,27.979401,11.7416666666667
"1305",64,2018,-82.683296,27.979401,16.7666666666667
"1306",65,1974,-82.694298,27.945601,17
"1307",65,1975,-82.694298,27.945601,25.1538461538462
"1308",65,1976,-82.694298,27.945601,15.05
"1309",65,1977,-82.694298,27.945601,22.7090909090909
"1310",65,1978,-82.694298,27.945601,10.0083333333333
"1311",65,1979,-82.694298,27.945601,22.7083333333333
"1312",65,1980,-82.694298,27.945601,16.7583333333333
"1313",65,1981,-82.694298,27.945601,15.3416666666667
"1314",65,1982,-82.694298,27.945601,16.8545454545455
"1315",65,1983,-82.694298,27.945601,24.8666666666667
"1316",65,1984,-82.694298,27.945601,13.4333333333333
"1317",65,1985,-82.694298,27.945601,18.05
"1318",65,1986,-82.694298,27.945601,17.8833333333333
"1319",65,1987,-82.694298,27.945601,14.725
"1320",65,1988,-82.694298,27.945601,12.7916666666667
"1321",65,1989,-82.694298,27.945601,15.7083333333333
"1322",65,1990,-82.694298,27.945601,14.6416666666667
"1323",65,1991,-82.694298,27.945601,13.4225833333333
"1324",65,1992,-82.694298,27.945601,10.2033333333333
"1325",65,1993,-82.694298,27.945601,10.5538333333333
"1326",65,1994,-82.694298,27.945601,9.50816666666667
"1327",65,1995,-82.694298,27.945601,14.2445833333333
"1328",65,1996,-82.694298,27.945601,11.0693333333333
"1329",65,1997,-82.694298,27.945601,9.6415
"1330",65,1998,-82.694298,27.945601,16.5155
"1331",65,1999,-82.694298,27.945601,15.6756666666667
"1332",65,2000,-82.694298,27.945601,14.49675
"1333",65,2001,-82.694298,27.945601,16.3221666666667
"1334",65,2002,-82.694298,27.945601,13.7753333333333
"1335",65,2003,-82.694298,27.945601,17.3096666666667
"1336",65,2004,-82.694298,27.945601,29.1753333333333
"1337",65,2005,-82.694298,27.945601,13.7166666666667
"1338",65,2006,-82.694298,27.945601,11.0333333333333
"1339",65,2007,-82.694298,27.945601,11.0416666666667
"1340",65,2008,-82.694298,27.945601,19.85
"1341",65,2009,-82.694298,27.945601,20.1416666666667
"1342",65,2010,-82.694298,27.945601,8.9
"1343",65,2011,-82.694298,27.945601,11.7166666666667
"1344",65,2012,-82.694298,27.945601,13.1166666666667
"1345",65,2013,-82.694298,27.945601,12.1416666666667
"1346",65,2014,-82.694298,27.945601,12.15
"1347",65,2015,-82.694298,27.945601,15.5583333333333
"1348",65,2016,-82.694298,27.945601,16.475
"1349",65,2017,-82.694298,27.945601,13.8333333333333
"1350",65,2018,-82.694298,27.945601,13.2083333333333
"1351",66,1974,-82.639702,27.927799,14.7272727272727
"1352",66,1975,-82.639702,27.927799,14.1538461538462
"1353",66,1976,-82.639702,27.927799,14.1
"1354",66,1977,-82.639702,27.927799,13.5909090909091
"1355",66,1978,-82.639702,27.927799,10.3666666666667
"1356",66,1979,-82.639702,27.927799,18.075
"1357",66,1980,-82.639702,27.927799,15.5333333333333
"1358",66,1981,-82.639702,27.927799,12.4
"1359",66,1982,-82.639702,27.927799,13.4818181818182
"1360",66,1983,-82.639702,27.927799,18.8833333333333
"1361",66,1984,-82.639702,27.927799,9.69166666666667
"1362",66,1985,-82.639702,27.927799,11.5583333333333
"1363",66,1986,-82.639702,27.927799,10.8083333333333
"1364",66,1987,-82.639702,27.927799,8.89166666666667
"1365",66,1988,-82.639702,27.927799,8.69166666666667
"1366",66,1989,-82.639702,27.927799,8.85
"1367",66,1990,-82.639702,27.927799,11.9525833333333
"1368",66,1991,-82.639702,27.927799,10.7465833333333
"1369",66,1992,-82.639702,27.927799,10.3178333333333
"1370",66,1993,-82.639702,27.927799,9.81
"1371",66,1994,-82.639702,27.927799,9.50991666666667
"1372",66,1995,-82.639702,27.927799,14.1891666666667
"1373",66,1996,-82.639702,27.927799,7.87116666666667
"1374",66,1997,-82.639702,27.927799,9.20758333333333
"1375",66,1998,-82.639702,27.927799,10.5669166666667
"1376",66,1999,-82.639702,27.927799,5.13116666666667
"1377",66,2000,-82.639702,27.927799,9.24425
"1378",66,2001,-82.639702,27.927799,10.65925
"1379",66,2002,-82.639702,27.927799,11.73125
"1380",66,2003,-82.639702,27.927799,14.13375
"1381",66,2004,-82.639702,27.927799,14.9666666666667
"1382",66,2005,-82.639702,27.927799,9.45833333333333
"1383",66,2006,-82.639702,27.927799,6.175
"1384",66,2007,-82.639702,27.927799,11.9416666666667
"1385",66,2008,-82.639702,27.927799,14.75
"1386",66,2009,-82.639702,27.927799,13.7083333333333
"1387",66,2010,-82.639702,27.927799,8.19166666666667
"1388",66,2011,-82.639702,27.927799,15.5833333333333
"1389",66,2012,-82.639702,27.927799,8.8
"1390",66,2013,-82.639702,27.927799,10.6416666666667
"1391",66,2014,-82.639702,27.927799,9.5
"1392",66,2015,-82.639702,27.927799,11.475
"1393",66,2016,-82.639702,27.927799,15.8083333333333
"1394",66,2017,-82.639702,27.927799,11.1
"1395",66,2018,-82.639702,27.927799,13.75
"1396",67,1974,-82.592003,27.9002,9.09090909090909
"1397",67,1975,-82.592003,27.9002,12.3846153846154
"1398",67,1976,-82.592003,27.9002,10.975
"1399",67,1977,-82.592003,27.9002,14.4909090909091
"1400",67,1978,-82.592003,27.9002,8.70833333333333
"1401",67,1979,-82.592003,27.9002,18.0333333333333
"1402",67,1980,-82.592003,27.9002,15.9583333333333
"1403",67,1981,-82.592003,27.9002,13.4166666666667
"1404",67,1982,-82.592003,27.9002,12.9181818181818
"1405",67,1983,-82.592003,27.9002,23.8
"1406",67,1984,-82.592003,27.9002,9.93333333333333
"1407",67,1985,-82.592003,27.9002,11.375
"1408",67,1986,-82.592003,27.9002,10.35
"1409",67,1987,-82.592003,27.9002,8.55833333333333
"1410",67,1988,-82.592003,27.9002,7.90833333333333
"1411",67,1989,-82.592003,27.9002,9.73333333333333
"1412",67,1990,-82.592003,27.9002,10.94425
"1413",67,1991,-82.592003,27.9002,6.73708333333333
"1414",67,1992,-82.592003,27.9002,9.03083333333333
"1415",67,1993,-82.592003,27.9002,9.98516666666667
"1416",67,1994,-82.592003,27.9002,10.3835
"1417",67,1995,-82.592003,27.9002,11.4069166666667
"1418",67,1996,-82.592003,27.9002,7.21791666666667
"1419",67,1997,-82.592003,27.9002,8.74966666666667
"1420",67,1998,-82.592003,27.9002,12.3925833333333
"1421",67,1999,-82.592003,27.9002,9.90166666666667
"1422",67,2000,-82.592003,27.9002,6.6125
"1423",67,2001,-82.592003,27.9002,9.02633333333333
"1424",67,2002,-82.592003,27.9002,7.15741666666667
"1425",67,2003,-82.592003,27.9002,12.274
"1426",67,2004,-82.592003,27.9002,11.1465
"1427",67,2005,-82.592003,27.9002,7.575
"1428",67,2006,-82.592003,27.9002,5.05833333333333
"1429",67,2007,-82.592003,27.9002,9.70833333333333
"1430",67,2008,-82.592003,27.9002,7.45
"1431",67,2009,-82.592003,27.9002,7.79166666666667
"1432",67,2010,-82.592003,27.9002,9.21666666666667
"1433",67,2011,-82.592003,27.9002,13.5666666666667
"1434",67,2012,-82.592003,27.9002,8.925
"1435",67,2013,-82.592003,27.9002,11.125
"1436",67,2014,-82.592003,27.9002,7.675
"1437",67,2015,-82.592003,27.9002,11.475
"1438",67,2016,-82.592003,27.9002,8.425
"1439",67,2017,-82.592003,27.9002,10.3583333333333
"1440",67,2018,-82.592003,27.9002,7.68333333333333
"1441",68,1974,-82.580803,27.8519,7.33333333333333
"1442",68,1975,-82.580803,27.8519,13
"1443",68,1976,-82.580803,27.8519,12.2083333333333
"1444",68,1977,-82.580803,27.8519,11.5909090909091
"1445",68,1978,-82.580803,27.8519,9.11666666666667
"1446",68,1979,-82.580803,27.8519,18.6083333333333
"1447",68,1980,-82.580803,27.8519,17.8833333333333
"1448",68,1981,-82.580803,27.8519,12.4166666666667
"1449",68,1982,-82.580803,27.8519,14.1454545454545
"1450",68,1983,-82.580803,27.8519,20.3666666666667
"1451",68,1984,-82.580803,27.8519,9.08333333333333
"1452",68,1985,-82.580803,27.8519,10.425
"1453",68,1986,-82.580803,27.8519,9.74166666666667
"1454",68,1987,-82.580803,27.8519,8.86666666666667
"1455",68,1988,-82.580803,27.8519,7.30833333333333
"1456",68,1989,-82.580803,27.8519,10.0636363636364
"1457",68,1990,-82.580803,27.8519,9.21783333333333
"1458",68,1991,-82.580803,27.8519,7.9945
"1459",68,1992,-82.580803,27.8519,6.48781818181818
"1460",68,1993,-82.580803,27.8519,8.04816666666667
"1461",68,1994,-82.580803,27.8519,8.22966666666667
"1462",68,1995,-82.580803,27.8519,10.3115833333333
"1463",68,1996,-82.580803,27.8519,6.77191666666667
"1464",68,1997,-82.580803,27.8519,9.85108333333333
"1465",68,1998,-82.580803,27.8519,12.0634166666667
"1466",68,1999,-82.580803,27.8519,10.5280833333333
"1467",68,2000,-82.580803,27.8519,6.55366666666667
"1468",68,2001,-82.580803,27.8519,7.47866666666667
"1469",68,2002,-82.580803,27.8519,6.5505
"1470",68,2003,-82.580803,27.8519,9.42109090909091
"1471",68,2004,-82.580803,27.8519,9.95816666666667
"1472",68,2005,-82.580803,27.8519,7.125
"1473",68,2006,-82.580803,27.8519,5.35833333333333
"1474",68,2007,-82.580803,27.8519,7.025
"1475",68,2008,-82.580803,27.8519,6.15833333333333
"1476",68,2009,-82.580803,27.8519,7.48333333333333
"1477",68,2010,-82.580803,27.8519,7.4
"1478",68,2011,-82.580803,27.8519,10.9083333333333
"1479",68,2012,-82.580803,27.8519,7.79166666666667
"1480",68,2013,-82.580803,27.8519,8.975
"1481",68,2014,-82.580803,27.8519,8.45833333333333
"1482",68,2015,-82.580803,27.8519,12.725
"1483",68,2016,-82.580803,27.8519,9.64166666666667
"1484",68,2017,-82.580803,27.8519,8.98333333333333
"1485",68,2018,-82.580803,27.8519,8.49166666666667
"1486",70,1974,-82.463203,27.908899,32.3333333333333
"1487",70,1975,-82.463203,27.908899,38.1666666666667
"1488",70,1976,-82.463203,27.908899,40.7333333333333
"1489",70,1977,-82.463203,27.908899,38.0583333333333
"1490",70,1978,-82.463203,27.908899,25.9909090909091
"1491",70,1979,-82.463203,27.908899,33.0416666666667
"1492",70,1980,-82.463203,27.908899,28.225
"1493",70,1981,-82.463203,27.908899,36.3416666666667
"1494",70,1982,-82.463203,27.908899,50.8090909090909
"1495",70,1983,-82.463203,27.908899,29.5333333333333
"1496",70,1984,-82.463203,27.908899,11.7166666666667
"1497",70,1985,-82.463203,27.908899,17.4333333333333
"1498",70,1986,-82.463203,27.908899,14.0333333333333
"1499",70,1987,-82.463203,27.908899,13.025
"1500",70,1988,-82.463203,27.908899,13.1416666666667
"1501",70,1989,-82.463203,27.908899,13.375
"1502",70,1990,-82.463203,27.908899,11.0770833333333
"1503",70,1991,-82.463203,27.908899,12.4335833333333
"1504",70,1992,-82.463203,27.908899,12.8905833333333
"1505",70,1993,-82.463203,27.908899,11.8499166666667
"1506",70,1994,-82.463203,27.908899,32.7253333333333
"1507",70,1995,-82.463203,27.908899,18.6424166666667
"1508",70,1996,-82.463203,27.908899,9.25683333333333
"1509",70,1997,-82.463203,27.908899,14.3605833333333
"1510",70,1998,-82.463203,27.908899,21.95375
"1511",70,1999,-82.463203,27.908899,10.873
"1512",70,2000,-82.463203,27.908899,9.10591666666667
"1513",70,2001,-82.463203,27.908899,11.5028333333333
"1514",70,2002,-82.463203,27.908899,14.1233333333333
"1515",70,2003,-82.463203,27.908899,12.1635833333333
"1516",70,2004,-82.463203,27.908899,10.9013333333333
"1517",70,2005,-82.463203,27.908899,20.756
"1518",70,2006,-82.463203,27.908899,10.6
"1519",70,2007,-82.463203,27.908899,12.3
"1520",70,2008,-82.463203,27.908899,10.7083333333333
"1521",70,2009,-82.463203,27.908899,9.36666666666667
"1522",70,2010,-82.463203,27.908899,8.325
"1523",70,2011,-82.463203,27.908899,12.15
"1524",70,2012,-82.463203,27.908899,12.05
"1525",70,2013,-82.463203,27.908899,13.625
"1526",70,2014,-82.463203,27.908899,11.1833333333333
"1527",70,2015,-82.463203,27.908899,10.3
"1528",70,2016,-82.463203,27.908899,11.4083333333333
"1529",70,2017,-82.463203,27.908899,10.7416666666667
"1530",70,2018,-82.463203,27.908899,12.2916666666667
"1531",71,1974,-82.413803,27.876499,27.25
"1532",71,1975,-82.413803,27.876499,31.4166666666667
"1533",71,1976,-82.413803,27.876499,35.9666666666667
"1534",71,1977,-82.413803,27.876499,30.5727272727273
"1535",71,1978,-82.413803,27.876499,23.1909090909091
"1536",71,1979,-82.413803,27.876499,34.1916666666667
"1537",71,1980,-82.413803,27.876499,23.1083333333333
"1538",71,1981,-82.413803,27.876499,28.2333333333333
"1539",71,1982,-82.413803,27.876499,34.76
"1540",71,1983,-82.413803,27.876499,27.2083333333333
"1541",71,1984,-82.413803,27.876499,13.9416666666667
"1542",71,1985,-82.413803,27.876499,20.6583333333333
"1543",71,1986,-82.413803,27.876499,19.9333333333333
"1544",71,1987,-82.413803,27.876499,16.6
"1545",71,1988,-82.413803,27.876499,14.95
"1546",71,1989,-82.413803,27.876499,11.975
"1547",71,1990,-82.413803,27.876499,13.4276666666667
"1548",71,1991,-82.413803,27.876499,19.05475
"1549",71,1992,-82.413803,27.876499,12.7574166666667
"1550",71,1993,-82.413803,27.876499,10.5715
"1551",71,1994,-82.413803,27.876499,31.71675
"1552",71,1995,-82.413803,27.876499,18.3735
"1553",71,1996,-82.413803,27.876499,12.3650833333333
"1554",71,1997,-82.413803,27.876499,12.88325
"1555",71,1998,-82.413803,27.876499,20.8969166666667
"1556",71,1999,-82.413803,27.876499,12.3535833333333
"1557",71,2000,-82.413803,27.876499,8.91675
"1558",71,2001,-82.413803,27.876499,9.85766666666667
"1559",71,2002,-82.413803,27.876499,14.7608333333333
"1560",71,2003,-82.413803,27.876499,15.4783636363636
"1561",71,2004,-82.413803,27.876499,15.8916666666667
"1562",71,2005,-82.413803,27.876499,14.1393333333333
"1563",71,2006,-82.413803,27.876499,16.8916666666667
"1564",71,2007,-82.413803,27.876499,8.71666666666667
"1565",71,2008,-82.413803,27.876499,12.375
"1566",71,2009,-82.413803,27.876499,27.3333333333333
"1567",71,2010,-82.413803,27.876499,9.43333333333333
"1568",71,2011,-82.413803,27.876499,11.25
"1569",71,2012,-82.413803,27.876499,13.4916666666667
"1570",71,2013,-82.413803,27.876499,16.1833333333333
"1571",71,2014,-82.413803,27.876499,16.4833333333333
"1572",71,2015,-82.413803,27.876499,10.525
"1573",71,2016,-82.413803,27.876499,9.75
"1574",71,2017,-82.413803,27.876499,11.7583333333333
"1575",71,2018,-82.413803,27.876499,14.675
"1576",73,1974,-82.413101,27.8281,18.6666666666667
"1577",73,1975,-82.413101,27.8281,21.25
"1578",73,1976,-82.413101,27.8281,19.6
"1579",73,1977,-82.413101,27.8281,19.45
"1580",73,1978,-82.413101,27.8281,20.2583333333333
"1581",73,1979,-82.413101,27.8281,25.35
"1582",73,1980,-82.413101,27.8281,20.5166666666667
"1583",73,1981,-82.413101,27.8281,26.6166666666667
"1584",73,1982,-82.413101,27.8281,34.8272727272727
"1585",73,1983,-82.413101,27.8281,28.625
"1586",73,1984,-82.413101,27.8281,13.3166666666667
"1587",73,1985,-82.413101,27.8281,18.1416666666667
"1588",73,1986,-82.413101,27.8281,16.3083333333333
"1589",73,1987,-82.413101,27.8281,15.8833333333333
"1590",73,1988,-82.413101,27.8281,12.3416666666667
"1591",73,1989,-82.413101,27.8281,11.6166666666667
"1592",73,1990,-82.413101,27.8281,11.4829166666667
"1593",73,1991,-82.413101,27.8281,11.5910833333333
"1594",73,1992,-82.413101,27.8281,10.062
"1595",73,1993,-82.413101,27.8281,9.00333333333333
"1596",73,1994,-82.413101,27.8281,16.57825
"1597",73,1995,-82.413101,27.8281,18.0895
"1598",73,1996,-82.413101,27.8281,8.88233333333333
"1599",73,1997,-82.413101,27.8281,12.2165833333333
"1600",73,1998,-82.413101,27.8281,21.1809166666667
"1601",73,1999,-82.413101,27.8281,10.0461666666667
"1602",73,2000,-82.413101,27.8281,6.3205
"1603",73,2001,-82.413101,27.8281,9.39541666666667
"1604",73,2002,-82.413101,27.8281,8.14325
"1605",73,2003,-82.413101,27.8281,9.23358333333333
"1606",73,2004,-82.413101,27.8281,10.993
"1607",73,2005,-82.413101,27.8281,10.8916666666667
"1608",73,2006,-82.413101,27.8281,7.30833333333333
"1609",73,2007,-82.413101,27.8281,7.24166666666667
"1610",73,2008,-82.413101,27.8281,11.4916666666667
"1611",73,2009,-82.413101,27.8281,19.7
"1612",73,2010,-82.413101,27.8281,8.95
"1613",73,2011,-82.413101,27.8281,9.625
"1614",73,2012,-82.413101,27.8281,10.075
"1615",73,2013,-82.413101,27.8281,8.04166666666667
"1616",73,2014,-82.413101,27.8281,7.71666666666667
"1617",73,2015,-82.413101,27.8281,5.99166666666667
"1618",73,2016,-82.413101,27.8281,7.50833333333333
"1619",73,2017,-82.413101,27.8281,6.825
"1620",73,2018,-82.413101,27.8281,10.3416666666667
"1621",80,1974,-82.445999,27.809601,11.75
"1622",80,1975,-82.445999,27.809601,15.3333333333333
"1623",80,1976,-82.445999,27.809601,15.275
"1624",80,1977,-82.445999,27.809601,16.8583333333333
"1625",80,1978,-82.445999,27.809601,16.025
"1626",80,1979,-82.445999,27.809601,22.425
"1627",80,1980,-82.445999,27.809601,19.1666666666667
"1628",80,1981,-82.445999,27.809601,19.9363636363636
"1629",80,1982,-82.445999,27.809601,21.8636363636364
"1630",80,1983,-82.445999,27.809601,26.875
"1631",80,1984,-82.445999,27.809601,12.3916666666667
"1632",80,1985,-82.445999,27.809601,16.6916666666667
"1633",80,1986,-82.445999,27.809601,13.35
"1634",80,1987,-82.445999,27.809601,12.8083333333333
"1635",80,1988,-82.445999,27.809601,9.64166666666667
"1636",80,1989,-82.445999,27.809601,10.0416666666667
"1637",80,1990,-82.445999,27.809601,8.00658333333333
"1638",80,1991,-82.445999,27.809601,8.50483333333333
"1639",80,1992,-82.445999,27.809601,8.12675
"1640",80,1993,-82.445999,27.809601,6.8735
"1641",80,1994,-82.445999,27.809601,12.05825
"1642",80,1995,-82.445999,27.809601,12.37275
"1643",80,1996,-82.445999,27.809601,8.15058333333333
"1644",80,1997,-82.445999,27.809601,7.79441666666667
"1645",80,1998,-82.445999,27.809601,14.76
"1646",80,1999,-82.445999,27.809601,7.59316666666667
"1647",80,2000,-82.445999,27.809601,5.90708333333333
"1648",80,2001,-82.445999,27.809601,10.3390833333333
"1649",80,2002,-82.445999,27.809601,6.17175
"1650",80,2003,-82.445999,27.809601,8.23418181818182
"1651",80,2004,-82.445999,27.809601,10.3300833333333
"1652",80,2005,-82.445999,27.809601,8.95
"1653",80,2006,-82.445999,27.809601,6.58333333333333
"1654",80,2007,-82.445999,27.809601,6.8
"1655",80,2008,-82.445999,27.809601,6.86666666666667
"1656",80,2009,-82.445999,27.809601,8.41666666666667
"1657",80,2010,-82.445999,27.809601,8.23333333333333
"1658",80,2011,-82.445999,27.809601,6.33333333333333
"1659",80,2012,-82.445999,27.809601,11.15
"1660",80,2013,-82.445999,27.809601,7.98333333333333
"1661",80,2014,-82.445999,27.809601,6.3
"1662",80,2015,-82.445999,27.809601,6.99166666666667
"1663",80,2016,-82.445999,27.809601,7.81666666666667
"1664",80,2017,-82.445999,27.809601,7.63333333333333
"1665",80,2018,-82.445999,27.809601,12.1666666666667
"1666",81,1974,-82.474098,27.7813,9.5
"1667",81,1975,-82.474098,27.7813,14.1666666666667
"1668",81,1976,-82.474098,27.7813,12.0083333333333
"1669",81,1977,-82.474098,27.7813,20.1083333333333
"1670",81,1978,-82.474098,27.7813,12.1090909090909
"1671",81,1979,-82.474098,27.7813,19.2833333333333
"1672",81,1980,-82.474098,27.7813,14.825
"1673",81,1981,-82.474098,27.7813,15.9916666666667
"1674",81,1982,-82.474098,27.7813,16.2545454545455
"1675",81,1983,-82.474098,27.7813,19.8833333333333
"1676",81,1984,-82.474098,27.7813,10.8333333333333
"1677",81,1985,-82.474098,27.7813,17.4333333333333
"1678",81,1986,-82.474098,27.7813,8.15833333333333
"1679",81,1987,-82.474098,27.7813,9.275
"1680",81,1988,-82.474098,27.7813,7.975
"1681",81,1989,-82.474098,27.7813,7.73333333333333
"1682",81,1990,-82.474098,27.7813,8.1165
"1683",81,1991,-82.474098,27.7813,8.20766666666667
"1684",81,1992,-82.474098,27.7813,6.00933333333333
"1685",81,1993,-82.474098,27.7813,5.989
"1686",81,1994,-82.474098,27.7813,9.09558333333333
"1687",81,1995,-82.474098,27.7813,13.1204166666667
"1688",81,1996,-82.474098,27.7813,5.37991666666667
"1689",81,1997,-82.474098,27.7813,6.03941666666667
"1690",81,1998,-82.474098,27.7813,12.8724166666667
"1691",81,1999,-82.474098,27.7813,5.71658333333333
"1692",81,2000,-82.474098,27.7813,4.85316666666667
"1693",81,2001,-82.474098,27.7813,7.00858333333333
"1694",81,2002,-82.474098,27.7813,5.48908333333333
"1695",81,2003,-82.474098,27.7813,8.08881818181818
"1696",81,2004,-82.474098,27.7813,7.94333333333333
"1697",81,2005,-82.474098,27.7813,7.61666666666667
"1698",81,2006,-82.474098,27.7813,5.23333333333333
"1699",81,2007,-82.474098,27.7813,5.59166666666667
"1700",81,2008,-82.474098,27.7813,6.04166666666667
"1701",81,2009,-82.474098,27.7813,7.68333333333333
"1702",81,2010,-82.474098,27.7813,5.575
"1703",81,2011,-82.474098,27.7813,5.95454545454545
"1704",81,2012,-82.474098,27.7813,7.35
"1705",81,2013,-82.474098,27.7813,7.75833333333333
"1706",81,2014,-82.474098,27.7813,5.75
"1707",81,2015,-82.474098,27.7813,5.35833333333333
"1708",81,2016,-82.474098,27.7813,5.96666666666667
"1709",81,2017,-82.474098,27.7813,6.825
"1710",81,2018,-82.474098,27.7813,8.25833333333333
"1711",82,1974,-82.5718,27.751101,11.6
"1712",82,1975,-82.5718,27.751101,10.75
"1713",82,1976,-82.5718,27.751101,6.30833333333333
"1714",82,1977,-82.5718,27.751101,8.58181818181818
"1715",82,1978,-82.5718,27.751101,9.75833333333333
"1716",82,1979,-82.5718,27.751101,16.4916666666667
"1717",82,1980,-82.5718,27.751101,12.3166666666667
"1718",82,1981,-82.5718,27.751101,14.2416666666667
"1719",82,1982,-82.5718,27.751101,12.4363636363636
"1720",82,1983,-82.5718,27.751101,18.0583333333333
"1721",82,1984,-82.5718,27.751101,6.63333333333333
"1722",82,1985,-82.5718,27.751101,7.375
"1723",82,1986,-82.5718,27.751101,7.15
"1724",82,1987,-82.5718,27.751101,8.44545454545455
"1725",82,1988,-82.5718,27.751101,5.81666666666667
"1726",82,1989,-82.5718,27.751101,6.94166666666667
"1727",82,1990,-82.5718,27.751101,7.66283333333333
"1728",82,1991,-82.5718,27.751101,5.91858333333333
"1729",82,1992,-82.5718,27.751101,6.37458333333333
"1730",82,1993,-82.5718,27.751101,4.667
"1731",82,1994,-82.5718,27.751101,10.3493333333333
"1732",82,1995,-82.5718,27.751101,7.7525
"1733",82,1996,-82.5718,27.751101,3.47536363636364
"1734",82,1997,-82.5718,27.751101,6.0905
"1735",82,1998,-82.5718,27.751101,9.98541666666667
"1736",82,1999,-82.5718,27.751101,4.47033333333333
"1737",82,2000,-82.5718,27.751101,5.00281818181818
"1738",82,2001,-82.5718,27.751101,5.58227272727273
"1739",82,2002,-82.5718,27.751101,5.0285
"1740",82,2003,-82.5718,27.751101,9.62741666666667
"1741",82,2004,-82.5718,27.751101,5.24383333333333
"1742",82,2005,-82.5718,27.751101,5.04166666666667
"1743",82,2006,-82.5718,27.751101,3.86666666666667
"1744",82,2007,-82.5718,27.751101,4.75
"1745",82,2008,-82.5718,27.751101,2.54166666666667
"1746",82,2009,-82.5718,27.751101,5.95833333333333
"1747",82,2010,-82.5718,27.751101,5.36666666666667
"1748",82,2011,-82.5718,27.751101,8.09166666666667
"1749",82,2012,-82.5718,27.751101,7
"1750",82,2013,-82.5718,27.751101,6.18333333333333
"1751",82,2014,-82.5718,27.751101,6.54166666666667
"1752",82,2015,-82.5718,27.751101,6.63333333333333
"1753",82,2016,-82.5718,27.751101,4.20833333333333
"1754",82,2017,-82.5718,27.751101,4.09090909090909
"1755",82,2018,-82.5718,27.751101,6.25
"1756",84,1974,-82.498703,27.729,7.8
"1757",84,1975,-82.498703,27.729,10.6666666666667
"1758",84,1976,-82.498703,27.729,5.725
"1759",84,1977,-82.498703,27.729,14.8833333333333
"1760",84,1978,-82.498703,27.729,15.3583333333333
"1761",84,1979,-82.498703,27.729,14.9583333333333
"1762",84,1980,-82.498703,27.729,14.5166666666667
"1763",84,1981,-82.498703,27.729,16.0666666666667
"1764",84,1982,-82.498703,27.729,22.7454545454545
"1765",84,1983,-82.498703,27.729,21.1666666666667
"1766",84,1984,-82.498703,27.729,8.9
"1767",84,1985,-82.498703,27.729,11.2166666666667
"1768",84,1986,-82.498703,27.729,7.60833333333333
"1769",84,1987,-82.498703,27.729,7.14166666666667
"1770",84,1988,-82.498703,27.729,6.775
"1771",84,1989,-82.498703,27.729,7.78333333333333
"1772",84,1990,-82.498703,27.729,9.32675
"1773",84,1991,-82.498703,27.729,8.48975
"1774",84,1992,-82.498703,27.729,7.2475
"1775",84,1993,-82.498703,27.729,8.67491666666667
"1776",84,1994,-82.498703,27.729,12.328
"1777",84,1995,-82.498703,27.729,10.4661666666667
"1778",84,1996,-82.498703,27.729,4.27283333333333
"1779",84,1997,-82.498703,27.729,9.96241666666667
"1780",84,1998,-82.498703,27.729,13.6169166666667
"1781",84,1999,-82.498703,27.729,9.21333333333333
"1782",84,2000,-82.498703,27.729,8.25575
"1783",84,2001,-82.498703,27.729,9.37225
"1784",84,2002,-82.498703,27.729,6.66191666666667
"1785",84,2003,-82.498703,27.729,7.59875
"1786",84,2004,-82.498703,27.729,8.33133333333333
"1787",84,2005,-82.498703,27.729,7.33333333333333
"1788",84,2006,-82.498703,27.729,5.91666666666667
"1789",84,2007,-82.498703,27.729,5.25833333333333
"1790",84,2008,-82.498703,27.729,5.09166666666667
"1791",84,2009,-82.498703,27.729,7.15833333333333
"1792",84,2010,-82.498703,27.729,7.10833333333333
"1793",84,2011,-82.498703,27.729,9.35
"1794",84,2012,-82.498703,27.729,8.85
"1795",84,2013,-82.498703,27.729,6.93333333333333
"1796",84,2014,-82.498703,27.729,5.53333333333333
"1797",84,2015,-82.498703,27.729,14.4916666666667
"1798",84,2016,-82.498703,27.729,4.30833333333333
"1799",84,2017,-82.498703,27.729,4.58333333333333
"1800",84,2018,-82.498703,27.729,6.225
"1801",90,1974,-82.591499,27.625999,4
"1802",90,1975,-82.591499,27.625999,4.08333333333333
"1803",90,1976,-82.591499,27.625999,4.2
"1804",90,1977,-82.591499,27.625999,5.01666666666667
"1805",90,1978,-82.591499,27.625999,5.05
"1806",90,1979,-82.591499,27.625999,7.55833333333333
"1807",90,1980,-82.591499,27.625999,6.3
"1808",90,1981,-82.591499,27.625999,6.34166666666667
"1809",90,1982,-82.591499,27.625999,6.1
"1810",90,1983,-82.591499,27.625999,8
"1811",90,1984,-82.591499,27.625999,3.7
"1812",90,1985,-82.591499,27.625999,4.275
"1813",90,1986,-82.591499,27.625999,4.47
"1814",90,1987,-82.591499,27.625999,4.3
"1815",90,1988,-82.591499,27.625999,4.6
"1816",90,1989,-82.591499,27.625999,6.24166666666667
"1817",90,1990,-82.591499,27.625999,3.93158333333333
"1818",90,1991,-82.591499,27.625999,3.70141666666667
"1819",90,1992,-82.591499,27.625999,5.01725
"1820",90,1993,-82.591499,27.625999,3.02275
"1821",90,1994,-82.591499,27.625999,6.64291666666667
"1822",90,1995,-82.591499,27.625999,5.24416666666667
"1823",90,1996,-82.591499,27.625999,2.50716666666667
"1824",90,1997,-82.591499,27.625999,4.46366666666667
"1825",90,1998,-82.591499,27.625999,6.70883333333333
"1826",90,1999,-82.591499,27.625999,5.13391666666667
"1827",90,2000,-82.591499,27.625999,4.21933333333333
"1828",90,2001,-82.591499,27.625999,4.9245
"1829",90,2002,-82.591499,27.625999,4.00408333333333
"1830",90,2003,-82.591499,27.625999,3.82191666666667
"1831",90,2004,-82.591499,27.625999,5.45625
"1832",90,2005,-82.591499,27.625999,5.13333333333333
"1833",90,2006,-82.591499,27.625999,3.06666666666667
"1834",90,2007,-82.591499,27.625999,3.04166666666667
"1835",90,2008,-82.591499,27.625999,3.25833333333333
"1836",90,2009,-82.591499,27.625999,5.05833333333333
"1837",90,2010,-82.591499,27.625999,5
"1838",90,2011,-82.591499,27.625999,5.475
"1839",90,2012,-82.591499,27.625999,4.94166666666667
"1840",90,2013,-82.591499,27.625999,4.61666666666667
"1841",90,2014,-82.591499,27.625999,3.475
"1842",90,2015,-82.591499,27.625999,4.50833333333333
"1843",90,2016,-82.591499,27.625999,2.725
"1844",90,2017,-82.591499,27.625999,3.125
"1845",90,2018,-82.591499,27.625999,3.525
"1846",91,1974,-82.641502,27.627899,5.4
"1847",91,1975,-82.641502,27.627899,4.75
"1848",91,1976,-82.641502,27.627899,5.18333333333333
"1849",91,1977,-82.641502,27.627899,4.59166666666667
"1850",91,1978,-82.641502,27.627899,4.06666666666667
"1851",91,1979,-82.641502,27.627899,6.14166666666667
"1852",91,1980,-82.641502,27.627899,6.51666666666667
"1853",91,1981,-82.641502,27.627899,6.3
"1854",91,1982,-82.641502,27.627899,5.62727272727273
"1855",91,1983,-82.641502,27.627899,6.2
"1856",91,1984,-82.641502,27.627899,4.075
"1857",91,1985,-82.641502,27.627899,4.13333333333333
"1858",91,1986,-82.641502,27.627899,3.43636363636364
"1859",91,1987,-82.641502,27.627899,3.39166666666667
"1860",91,1988,-82.641502,27.627899,3.06666666666667
"1861",91,1989,-82.641502,27.627899,4.91666666666667
"1862",91,1990,-82.641502,27.627899,3.4945
"1863",91,1991,-82.641502,27.627899,3.70066666666667
"1864",91,1992,-82.641502,27.627899,3.74725
"1865",91,1993,-82.641502,27.627899,2.89341666666667
"1866",91,1994,-82.641502,27.627899,4.90916666666667
"1867",91,1995,-82.641502,27.627899,4.70766666666667
"1868",91,1996,-82.641502,27.627899,2.39745454545455
"1869",91,1997,-82.641502,27.627899,4.29041666666667
"1870",91,1998,-82.641502,27.627899,4.42341666666667
"1871",91,1999,-82.641502,27.627899,3.75758333333333
"1872",91,2000,-82.641502,27.627899,3.44863636363636
"1873",91,2001,-82.641502,27.627899,3.90391666666667
"1874",91,2002,-82.641502,27.627899,3.88758333333333
"1875",91,2003,-82.641502,27.627899,2.91758333333333
"1876",91,2004,-82.641502,27.627899,5.08133333333333
"1877",91,2005,-82.641502,27.627899,7.975
"1878",91,2006,-82.641502,27.627899,4.225
"1879",91,2007,-82.641502,27.627899,3.30833333333333
"1880",91,2008,-82.641502,27.627899,3.125
"1881",91,2009,-82.641502,27.627899,4.775
"1882",91,2010,-82.641502,27.627899,3.375
"1883",91,2011,-82.641502,27.627899,3.79166666666667
"1884",91,2012,-82.641502,27.627899,4.39166666666667
"1885",91,2013,-82.641502,27.627899,3.69166666666667
"1886",91,2014,-82.641502,27.627899,3.2
"1887",91,2015,-82.641502,27.627899,3.71818181818182
"1888",91,2016,-82.641502,27.627899,3.06666666666667
"1889",91,2017,-82.641502,27.627899,3.39166666666667
"1890",91,2018,-82.641502,27.627899,4.10833333333333
"1891",92,1974,-82.686798,27.5737,3.55555555555556
"1892",92,1975,-82.686798,27.5737,4.72727272727273
"1893",92,1976,-82.686798,27.5737,4.83333333333333
"1894",92,1977,-82.686798,27.5737,4.04166666666667
"1895",92,1978,-82.686798,27.5737,3.60833333333333
"1896",92,1979,-82.686798,27.5737,6.16666666666667
"1897",92,1980,-82.686798,27.5737,4.98333333333333
"1898",92,1981,-82.686798,27.5737,5.45833333333333
"1899",92,1982,-82.686798,27.5737,5.12727272727273
"1900",92,1983,-82.686798,27.5737,5.95
"1901",92,1984,-82.686798,27.5737,2.93333333333333
"1902",92,1985,-82.686798,27.5737,3.81666666666667
"1903",92,1986,-82.686798,27.5737,3.12727272727273
"1904",92,1987,-82.686798,27.5737,2.41818181818182
"1905",92,1988,-82.686798,27.5737,2.1
"1906",92,1989,-82.686798,27.5737,3.45
"1907",92,1990,-82.686798,27.5737,3.33727272727273
"1908",92,1991,-82.686798,27.5737,2.54066666666667
"1909",92,1992,-82.686798,27.5737,3.37516666666667
"1910",92,1993,-82.686798,27.5737,3.474
"1911",92,1994,-82.686798,27.5737,4.49491666666667
"1912",92,1995,-82.686798,27.5737,3.09191666666667
"1913",92,1996,-82.686798,27.5737,1.48525
"1914",92,1997,-82.686798,27.5737,4.737
"1915",92,1998,-82.686798,27.5737,4.40075
"1916",92,1999,-82.686798,27.5737,3.43958333333333
"1917",92,2000,-82.686798,27.5737,3.51025
"1918",92,2001,-82.686798,27.5737,4.25758333333333
"1919",92,2002,-82.686798,27.5737,2.57508333333333
"1920",92,2003,-82.686798,27.5737,1.64858333333333
"1921",92,2004,-82.686798,27.5737,4.158
"1922",92,2005,-82.686798,27.5737,4.61666666666667
"1923",92,2006,-82.686798,27.5737,3.23333333333333
"1924",92,2007,-82.686798,27.5737,2.3
"1925",92,2008,-82.686798,27.5737,2.25833333333333
"1926",92,2009,-82.686798,27.5737,4.10833333333333
"1927",92,2010,-82.686798,27.5737,2.91666666666667
"1928",92,2011,-82.686798,27.5737,3.56666666666667
"1929",92,2012,-82.686798,27.5737,4.05
"1930",92,2013,-82.686798,27.5737,3.575
"1931",92,2014,-82.686798,27.5737,3.125
"1932",92,2015,-82.686798,27.5737,3.71666666666667
"1933",92,2016,-82.686798,27.5737,2.975
"1934",92,2017,-82.686798,27.5737,2.54166666666667
"1935",92,2018,-82.686798,27.5737,3.91666666666667
"1936",93,1974,-82.744102,27.578899,3.88888888888889
"1937",93,1975,-82.744102,27.578899,4.22222222222222
"1938",93,1976,-82.744102,27.578899,3.89090909090909
"1939",93,1977,-82.744102,27.578899,4.25833333333333
"1940",93,1978,-82.744102,27.578899,3.93636363636364
"1941",93,1979,-82.744102,27.578899,6.09166666666667
"1942",93,1980,-82.744102,27.578899,4.76666666666667
"1943",93,1981,-82.744102,27.578899,4.51666666666667
"1944",93,1982,-82.744102,27.578899,5.34545454545455
"1945",93,1983,-82.744102,27.578899,5.21666666666667
"1946",93,1984,-82.744102,27.578899,2.725
"1947",93,1985,-82.744102,27.578899,3.91666666666667
"1948",93,1986,-82.744102,27.578899,2.5
"1949",93,1987,-82.744102,27.578899,2.00833333333333
"1950",93,1988,-82.744102,27.578899,2.03333333333333
"1951",93,1989,-82.744102,27.578899,3.13333333333333
"1952",93,1990,-82.744102,27.578899,2.72118181818182
"1953",93,1991,-82.744102,27.578899,2.22116666666667
"1954",93,1992,-82.744102,27.578899,3.09425
"1955",93,1993,-82.744102,27.578899,3.01925
"1956",93,1994,-82.744102,27.578899,3.96427272727273
"1957",93,1995,-82.744102,27.578899,3.60658333333333
"1958",93,1996,-82.744102,27.578899,1.49227272727273
"1959",93,1997,-82.744102,27.578899,3.16875
"1960",93,1998,-82.744102,27.578899,3.61575
"1961",93,1999,-82.744102,27.578899,2.92041666666667
"1962",93,2000,-82.744102,27.578899,3.57545454545455
"1963",93,2001,-82.744102,27.578899,5.4715
"1964",93,2002,-82.744102,27.578899,2.18516666666667
"1965",93,2003,-82.744102,27.578899,2.03483333333333
"1966",93,2004,-82.744102,27.578899,3.80366666666667
"1967",93,2005,-82.744102,27.578899,8.1
"1968",93,2006,-82.744102,27.578899,3.13333333333333
"1969",93,2007,-82.744102,27.578899,1.96666666666667
"1970",93,2008,-82.744102,27.578899,2.14166666666667
"1971",93,2009,-82.744102,27.578899,3.575
"1972",93,2010,-82.744102,27.578899,2.45833333333333
"1973",93,2011,-82.744102,27.578899,3.29090909090909
"1974",93,2012,-82.744102,27.578899,3.58333333333333
"1975",93,2013,-82.744102,27.578899,3.125
"1976",93,2014,-82.744102,27.578899,3.13333333333333
"1977",93,2015,-82.744102,27.578899,3.14166666666667
"1978",93,2016,-82.744102,27.578899,2.68333333333333
"1979",93,2017,-82.744102,27.578899,2.55833333333333
"1980",93,2018,-82.744102,27.578899,6.34166666666667
"1981",95,1974,-82.694702,27.6112,5.44444444444444
"1982",95,1975,-82.694702,27.6112,4.90909090909091
"1983",95,1976,-82.694702,27.6112,4.475
"1984",95,1977,-82.694702,27.6112,5.45
"1985",95,1978,-82.694702,27.6112,4.225
"1986",95,1979,-82.694702,27.6112,6.94166666666667
"1987",95,1980,-82.694702,27.6112,5.16666666666667
"1988",95,1981,-82.694702,27.6112,5.6
"1989",95,1982,-82.694702,27.6112,4.95454545454546
"1990",95,1983,-82.694702,27.6112,6.325
"1991",95,1984,-82.694702,27.6112,4.125
"1992",95,1985,-82.694702,27.6112,5.01666666666667
"1993",95,1986,-82.694702,27.6112,2.96363636363636
"1994",95,1987,-82.694702,27.6112,3.14166666666667
"1995",95,1988,-82.694702,27.6112,3.35833333333333
"1996",95,1989,-82.694702,27.6112,4.6
"1997",95,1990,-82.694702,27.6112,3.4185
"1998",95,1991,-82.694702,27.6112,3.60058333333333
"1999",95,1992,-82.694702,27.6112,3.16016666666667
"2000",95,1993,-82.694702,27.6112,3.57366666666667
"2001",95,1994,-82.694702,27.6112,4.40383333333333
"2002",95,1995,-82.694702,27.6112,4.25216666666667
"2003",95,1996,-82.694702,27.6112,2.02145454545455
"2004",95,1997,-82.694702,27.6112,4.32425
"2005",95,1998,-82.694702,27.6112,5.2025
"2006",95,1999,-82.694702,27.6112,3.56383333333333
"2007",95,2000,-82.694702,27.6112,5.06891666666667
"2008",95,2001,-82.694702,27.6112,4.65
"2009",95,2002,-82.694702,27.6112,3.91333333333333
"2010",95,2003,-82.694702,27.6112,2.93941666666667
"2011",95,2004,-82.694702,27.6112,4.16208333333333
"2012",95,2005,-82.694702,27.6112,8.33333333333333
"2013",95,2006,-82.694702,27.6112,3.95833333333333
"2014",95,2007,-82.694702,27.6112,2.75
"2015",95,2008,-82.694702,27.6112,3.01666666666667
"2016",95,2009,-82.694702,27.6112,4.74166666666667
"2017",95,2010,-82.694702,27.6112,3.14166666666667
"2018",95,2011,-82.694702,27.6112,3.40833333333333
"2019",95,2012,-82.694702,27.6112,4.35833333333333
"2020",95,2013,-82.694702,27.6112,3.45833333333333
"2021",95,2014,-82.694702,27.6112,3.18333333333333
"2022",95,2015,-82.694702,27.6112,3.58333333333333
"2023",95,2016,-82.694702,27.6112,2.8
"2024",95,2017,-82.694702,27.6112,3.35833333333333
"2025",95,2018,-82.694702,27.6112,6.4
